Filename,Setting,Value
NCSC -  Google Chrome Settings.json,Google Chrome ADMX Ingestion,VALUE TOO BIG CHECK FILE
NCSC -  Google Chrome Settings.json,Chrome - ADMX - ExtensionInstallBlacklist,"<enabled/>\n\n<data id=\ExtensionInstallBlacklistDesc\"" value=\""1&#xF000;*\""/>"""
NCSC -  Google Chrome Settings.json,Chrome - ADMX - ExtensionInstallWhitelist,"<enabled/>\n\n<data id=\ExtensionInstallWhitelistDesc\"" value=\""1&#xF000;gojbdfnpnhogfdgjbigejoaolejmgdhk&#xF000;2&#xF000;cjpalhdlnbpafiamejdnhcphjbkeiagm&#xF000;3&#xF000;ajdhfcoppbpocmaeoechanfllkoemlhi&#xF000;4&#xF000;niloccemoadcdkdjlinkgdfekeahmflj&#xF000;5&#xF000;cfhdojbkjhnklbpkdaibdccddilifddb&#xF000;6&#xF000;ogfcmafjalglgifnmanfmnieipoejdcf&#xF000;7&#xF000;ppnbnpeolgkicgegkbkbjmhlideopiji\""/>"""
NCSC -  Google Chrome Settings.json,Chrome - ADMX - URLBlacklist,"<enabled/> \n\n<data id=\URLBlacklistDesc\"" value=\""1&#xF000;chrome://flags&#xF000;2&#xF000;chrome://net-internals&#xF000;3&#xF000;chrome://tracing\""/>"""
NCSC -  Google Chrome Settings.json,Chrome - ADMX - AllowOutdatedPlugins,<disabled/>
NCSC -  Google Chrome Settings.json,Chrome - ADMX - ExtensionInstallForcelist,"<enabled/>\n\n<data id=\ExtensionInstallForcelistDesc\"" value=\""1&#xF000;ppnbnpeolgkicgegkbkbjmhlideopiji;https://clients2.google.com/service/update2/crx\""/>"""
NCSC - Application Control.json,smartScreenEnableInShell,TRUE
NCSC - Application Control.json,smartScreenBlockOverrideForFiles,TRUE
NCSC - AppLocker.json,AppLocker Store Apps,PD94bWwgdmVyc2lvbj0iMS4wIiBlbmNvZGluZz0idXRmLTgiPz4NCjxSdWxlQ29sbGVjdGlvbiBUeXBlPSJBcHB4IiBFbmZvcmNlbWVudE1vZGU9IkVuYWJsZWQiPg0KICAgIDxGaWxlUHVibGlzaGVyUnVsZSBJZD0iYTllMThjMjEtZmY4Zi00M2NmLWI5ZmMtZGI0MGVlZDY5M2JhIiBOYW1lPSIoRGVmYXVsdCBSdWxlKSBBbGwgc2lnbmVkIHBhY2thZ2VkIGFwcHMiIERlc2NyaXB0aW9uPSJBbGxvd3MgbWVtYmVycyBvZiB0aGUgRXZlcnlvbmUgZ3JvdXAgdG8gcnVuIHBhY2thZ2VkIGFwcHMgdGhhdCBhcmUgc2lnbmVkLiIgVXNlck9yR3JvdXBTaWQ9IlMtMS0xLTAiIEFjdGlvbj0iQWxsb3ciPg0KICAgICAgPENvbmRpdGlvbnM+DQogICAgICAgIDxGaWxlUHVibGlzaGVyQ29uZGl0aW9uIFB1Ymxpc2hlck5hbWU9IioiIFByb2R1Y3ROYW1lPSIqIiBCaW5hcnlOYW1lPSIqIj4NCiAgICAgICAgICA8QmluYXJ5VmVyc2lvblJhbmdlIExvd1NlY3Rpb249IjAuMC4wLjAiIEhpZ2hTZWN0aW9uPSIqIiAvPg0KICAgICAgICA8L0ZpbGVQdWJsaXNoZXJDb25kaXRpb24+DQogICAgICA8L0NvbmRpdGlvbnM+DQogICAgPC9GaWxlUHVibGlzaGVyUnVsZT4NCiAgPC9SdWxlQ29sbGVjdGlvbj4=
NCSC - AppLocker.json,AppLocker EXE,PD94bWwgdmVyc2lvbj0iMS4wIiBlbmNvZGluZz0idXRmLTgiPz4NCiAgPFJ1bGVDb2xsZWN0aW9uIFR5cGU9IkV4ZSIgRW5mb3JjZW1lbnRNb2RlPSJFbmFibGVkIj4NCiAgICA8RmlsZVBhdGhSdWxlIElkPSJmZDY4NmQ4My1hODI5LTQzNTEtOGZmNC0yN2M3ZGU1NzU1ZDIiIE5hbWU9IihEZWZhdWx0IFJ1bGUpIEFsbCBmaWxlcyIgRGVzY3JpcHRpb249IkFsbG93cyBtZW1iZXJzIG9mIHRoZSBsb2NhbCBBZG1pbmlzdHJhdG9ycyBncm91cCB0byBydW4gYWxsIGFwcGxpY2F0aW9ucy4iIFVzZXJPckdyb3VwU2lkPSJTLTEtNS0zMi01NDQiIEFjdGlvbj0iQWxsb3ciPg0KICAgICAgPENvbmRpdGlvbnM+DQogICAgICAgIDxGaWxlUGF0aENvbmRpdGlvbiBQYXRoPSIqIiAvPg0KICAgICAgPC9Db25kaXRpb25zPg0KICAgIDwvRmlsZVBhdGhSdWxlPg0KICAgIDxGaWxlUGF0aFJ1bGUgSWQ9ImNkZmQ1ZDFjLTgyOGYtNGJkNi05NTQyLTEzOTVjNjA4OGY4MiIgTmFtZT0iQWxsIGZpbGVzIGxvY2F0ZWQgaW4gdGhlIFByb2dyYW0gRmlsZXMgZm9sZGVyIiBEZXNjcmlwdGlvbj0iQWxsb3dzIG1lbWJlcnMgb2YgdGhlIEV2ZXJ5b25lIGdyb3VwIHRvIHJ1biBhcHBsaWNhdGlvbnMgdGhhdCBhcmUgbG9jYXRlZCBpbiB0aGUgUHJvZ3JhbSBGaWxlcyBmb2xkZXIuIiBVc2VyT3JHcm91cFNpZD0iUy0xLTEtMCIgQWN0aW9uPSJBbGxvdyI+DQogICAgICA8Q29uZGl0aW9ucz4NCiAgICAgICAgPEZpbGVQYXRoQ29uZGl0aW9uIFBhdGg9IiVQUk9HUkFNRklMRVMlXCoiIC8+DQogICAgICA8L0NvbmRpdGlvbnM+DQogICAgPC9GaWxlUGF0aFJ1bGU+DQogICAgPEZpbGVQYXRoUnVsZSBJZD0iMzgwODBjMWItNTRiYy00ZjdlLTgwNGQtZmFmYjcwYmY3ODFiIiBOYW1lPSJBbGwgZmlsZXMgbG9jYXRlZCBpbiB0aGUgV2luZG93cyBmb2xkZXIiIERlc2NyaXB0aW9uPSJBbGxvd3MgbWVtYmVycyBvZiB0aGUgRXZlcnlvbmUgZ3JvdXAgdG8gcnVuIGFwcGxpY2F0aW9ucyB0aGF0IGFyZSBsb2NhdGVkIGluIHRoZSBXaW5kb3dzIGZvbGRlci4iIFVzZXJPckdyb3VwU2lkPSJTLTEtMS0wIiBBY3Rpb249IkFsbG93Ij4NCiAgICAgIDxDb25kaXRpb25zPg0KICAgICAgICA8RmlsZVBhdGhDb25kaXRpb24gUGF0aD0iJVdJTkRJUiVcKiIgLz4NCiAgICAgIDwvQ29uZGl0aW9ucz4NCiAgICAgIDxFeGNlcHRpb25zPg0KICAgICAgICA8RmlsZVBhdGhDb25kaXRpb24gUGF0aD0iJVdJTkRJUiVccmVnaXN0cmF0aW9uXGNybWxvZ1wqIiAvPg0KICAgICAgICA8RmlsZVBhdGhDb25kaXRpb24gUGF0aD0iJVdJTkRJUiVcc2VydmljZXN0YXRlXGRldGVjdGlvbnZlcmlmaWNhdGlvbmRydlxkYXRhXCoiIC8+DQogICAgICAgIDxGaWxlUGF0aENvbmRpdGlvbiBQYXRoPSIlV0lORElSJVxzZXJ2aWNlc3RhdGVcZGV0ZWN0aW9udmVyaWZpY2F0aW9uZHJ2XGRhdGE6KiIgLz4NCiAgICAgICAgPEZpbGVQYXRoQ29uZGl0aW9uIFBhdGg9IiVXSU5ESVIlXHNlcnZpY2VzdGF0ZVxlc2lmX3VtZGYyXGRhdGFcKiIgLz4NCiAgICAgICAgPEZpbGVQYXRoQ29uZGl0aW9uIFBhdGg9IiVXSU5ESVIlXHNlcnZpY2VzdGF0ZVxlc2lmX3VtZGYyXGRhdGE6KiIgLz4NCiAgICAgICAgPEZpbGVQYXRoQ29uZGl0aW9uIFBhdGg9IiVXSU5ESVIlXHNlcnZpY2VzdGF0ZVxoZWxsb2ZhY2VcZGF0YVwqIiAvPg0KICAgICAgICA8RmlsZVBhdGhDb25kaXRpb24gUGF0aD0iJVdJTkRJUiVcc2VydmljZXN0YXRlXGhlbGxvZmFjZVxkYXRhOioiIC8+DQogICAgICAgIDxGaWxlUGF0aENvbmRpdGlvbiBQYXRoPSIlV0lORElSJVxzZXJ2aWNlc3RhdGVcc2Vuc29yc2N4MDEwMlxkYXRhXCoiIC8+DQogICAgICAgIDxGaWxlUGF0aENvbmRpdGlvbiBQYXRoPSIlV0lORElSJVxzZXJ2aWNlc3RhdGVcc2Vuc29yc2N4MDEwMlxkYXRhOioiIC8+DQogICAgICAgIDxGaWxlUGF0aENvbmRpdGlvbiBQYXRoPSIlV0lORElSJVxzZXJ2aWNlc3RhdGVcc2Vuc29yc2hpZGNsYXNzZHJpdmVyXGRhdGFcKiIgLz4NCiAgICAgICAgPEZpbGVQYXRoQ29uZGl0aW9uIFBhdGg9IiVXSU5ESVIlXHNlcnZpY2VzdGF0ZVxzZW5zb3JzaGlkY2xhc3Nkcml2ZXJcZGF0YToqIiAvPg0KICAgICAgICA8RmlsZVBhdGhDb25kaXRpb24gUGF0aD0iJVdJTkRJUiVcc2VydmljZXN0YXRlXHN1cmZhY2VwZW5wYWlyaW5nXGRhdGFcKiIgLz4NCiAgICAgICAgPEZpbGVQYXRoQ29uZGl0aW9uIFBhdGg9IiVXSU5ESVIlXHNlcnZpY2VzdGF0ZVxzdXJmYWNlcGVucGFpcmluZ1xkYXRhOioiIC8+DQogICAgICAgIDxGaWxlUGF0aENvbmRpdGlvbiBQYXRoPSIlU1lTVEVNMzIlXGNvbVxkbXBcKiIgLz4NCiAgICAgICAgPEZpbGVQYXRoQ29uZGl0aW9uIFBhdGg9IiVTWVNURU0zMiVcZHJpdmVyc1xkcml2ZXJkYXRhXCoiIC8+DQogICAgICAgIDxGaWxlUGF0aENvbmRpdGlvbiBQYXRoPSIlU1lTVEVNMzIlXGRyaXZlcnNcZHJpdmVyZGF0YToqIiAvPg0KICAgICAgICA8RmlsZVBhdGhDb25kaXRpb24gUGF0aD0iJVNZU1RFTTMyJVxmeHN0bXBcKiIgLz4NCiAgICAgICAgPEZpbGVQYXRoQ29uZGl0aW9uIFBhdGg9IiVTWVNURU0zMiVcbWljcm9zb2Z0XGNyeXB0b1xyc2FcbWFjaGluZWtleXNcKiIgLz4NCiAgICAgICAgPEZpbGVQYXRoQ29uZGl0aW9uIFBhdGg9IiVTWVNURU0zMiVcbWljcm9zb2Z0XGNyeXB0b1xyc2FcbWFjaGluZWtleXM6KiIgLz4NCiAgICAgICAgPEZpbGVQYXRoQ29uZGl0aW9uIFBhdGg9IiVTWVNURU0zMiVcc3Bvb2xcZHJpdmVyc1xjb2xvclwqIiAvPg0KICAgICAgICA8RmlsZVBhdGhDb25kaXRpb24gUGF0aD0iJVNZU1RFTTMyJVxzcG9vbFxwcmludGVyc1wqIiAvPg0KICAgICAgICA8RmlsZVBhdGhDb25kaXRpb24gUGF0aD0iJVNZU1RFTTMyJVxzcG9vbFxzZXJ2ZXJzXCoiIC8+DQogICAgICAgIDxGaWxlUGF0aENvbmRpdGlvbiBQYXRoPSIlU1lTVEVNMzIlXHRhc2tzXCoiIC8+DQogICAgICAgIDxGaWxlUGF0aENvbmRpdGlvbiBQYXRoPSIlU1lTVEVNMzIlXHRhc2tzX21pZ3JhdGVkXCoiIC8+DQoJCTxGaWxlUGF0aENvbmRpdGlvbiBQYXRoPSIlV0lORElSJVxTeXNXT1c2NFxjb21cZG1wXCoiLz4NCgkJPEZpbGVQYXRoQ29uZGl0aW9uIFBhdGg9IiVXSU5ESVIlXFN5c1dPVzY0XEZ4c1RtcFwqIi8+DQoJCTxGaWxlUGF0aENvbmRpdGlvbiBQYXRoPSIlV0lORElSJVxTeXNXT1c2NFxUYXNrc1wqIi8+DQogICAgICAgIDxGaWxlUGF0aENvbmRpdGlvbiBQYXRoPSIlV0lORElSJVx0YXNrc1wqIiAvPg0KICAgICAgICA8RmlsZVBhdGhDb25kaXRpb24gUGF0aD0iJVdJTkRJUiVcdGVtcFwqIiAvPg0KICAgICAgICA8RmlsZVBhdGhDb25kaXRpb24gUGF0aD0iJVdJTkRJUiVcdHJhY2luZ1wqIiAvPg0KICAgICAgICA8RmlsZVBhdGhDb25kaXRpb24gUGF0aD0iJVdJTkRJUiVcdHJhY2luZzoqIiAvPg0KICAgICAgICA8RmlsZVB1Ymxpc2hlckNvbmRpdGlvbiBQdWJsaXNoZXJOYW1lPSJPPU1JQ1JPU09GVCBDT1JQT1JBVElPTiwgTD1SRURNT05ELCBTPVdBU0hJTkdUT04sIEM9VVMiIFByb2R1Y3ROYW1lPSJNSUNST1NPRlTCriAuTkVUIEZSQU1FV09SSyIgQmluYXJ5TmFtZT0iTVNCVUlMRC5FWEUiPg0KICAgICAgICAgIDxCaW5hcnlWZXJzaW9uUmFuZ2UgTG93U2VjdGlvbj0iKiIgSGlnaFNlY3Rpb249IioiIC8+DQogICAgICAgIDwvRmlsZVB1Ymxpc2hlckNvbmRpdGlvbj4NCiAgICAgICAgPEZpbGVQdWJsaXNoZXJDb25kaXRpb24gUHVibGlzaGVyTmFtZT0iTz1NSUNST1NPRlQgQ09SUE9SQVRJT04sIEw9UkVETU9ORCwgUz1XQVNISU5HVE9OLCBDPVVTIiBQcm9kdWN0TmFtZT0iTUlDUk9TT0ZUwq4gV0lORE9XU8KuIE9QRVJBVElORyBTWVNURU0iIEJpbmFyeU5hbWU9IlJVTkFTLkVYRSI+DQogICAgICAgICAgPEJpbmFyeVZlcnNpb25SYW5nZSBMb3dTZWN0aW9uPSIqIiBIaWdoU2VjdGlvbj0iKiIgLz4NCiAgICAgICAgPC9GaWxlUHVibGlzaGVyQ29uZGl0aW9uPg0KICAgICAgICA8RmlsZVB1Ymxpc2hlckNvbmRpdGlvbiBQdWJsaXNoZXJOYW1lPSJPPU1JQ1JPU09GVCBDT1JQT1JBVElPTiwgTD1SRURNT05ELCBTPVdBU0hJTkdUT04sIEM9VVMiIFByb2R1Y3ROYW1lPSJNSUNST1NPRlTCriAuTkVUIEZSQU1FV09SSyIgQmluYXJ5TmFtZT0iUkVHU1ZDUy5FWEUiPg0KICAgICAgICAgIDxCaW5hcnlWZXJzaW9uUmFuZ2UgTG93U2VjdGlvbj0iKiIgSGlnaFNlY3Rpb249IioiIC8+DQogICAgICAgIDwvRmlsZVB1Ymxpc2hlckNvbmRpdGlvbj4NCiAgICAgICAgPEZpbGVQdWJsaXNoZXJDb25kaXRpb24gUHVibGlzaGVyTmFtZT0iTz1NSUNST1NPRlQgQ09SUE9SQVRJT04sIEw9UkVETU9ORCwgUz1XQVNISU5HVE9OLCBDPVVTIiBQcm9kdWN0TmFtZT0iTUlDUk9TT0ZUwq4gV0lORE9XU8KuIE9QRVJBVElORyBTWVNURU0iIEJpbmFyeU5hbWU9IldNSUMuRVhFIj4NCiAgICAgICAgICA8QmluYXJ5VmVyc2lvblJhbmdlIExvd1NlY3Rpb249IioiIEhpZ2hTZWN0aW9uPSIqIiAvPg0KICAgICAgICA8L0ZpbGVQdWJsaXNoZXJDb25kaXRpb24+DQogICAgICAgIDxGaWxlUHVibGlzaGVyQ29uZGl0aW9uIFB1Ymxpc2hlck5hbWU9Ik89TUlDUk9TT0ZUIENPUlBPUkFUSU9OLCBMPVJFRE1PTkQsIFM9V0FTSElOR1RPTiwgQz1VUyIgUHJvZHVjdE5hbWU9Ik1JQ1JPU09GVMKuIFdJTkRPV1PCriBPUEVSQVRJTkcgU1lTVEVNIiBCaW5hcnlOYW1lPSJQUkVTRU5UQVRJT05IT1NULkVYRSI+DQogICAgICAgICAgPEJpbmFyeVZlcnNpb25SYW5nZSBMb3dTZWN0aW9uPSIqIiBIaWdoU2VjdGlvbj0iKiIgLz4NCiAgICAgICAgPC9GaWxlUHVibGlzaGVyQ29uZGl0aW9uPg0KICAgICAgICA8RmlsZVB1Ymxpc2hlckNvbmRpdGlvbiBQdWJsaXNoZXJOYW1lPSJPPU1JQ1JPU09GVCBDT1JQT1JBVElPTiwgTD1SRURNT05ELCBTPVdBU0hJTkdUT04sIEM9VVMiIFByb2R1Y3ROYW1lPSJJTlRFUk5FVCBFWFBMT1JFUiIgQmluYXJ5TmFtZT0iTVNIVEEuRVhFIj4NCiAgICAgICAgICA8QmluYXJ5VmVyc2lvblJhbmdlIExvd1NlY3Rpb249IioiIEhpZ2hTZWN0aW9uPSIqIiAvPg0KICAgICAgICA8L0ZpbGVQdWJsaXNoZXJDb25kaXRpb24+DQogICAgICAgIDxGaWxlUHVibGlzaGVyQ29uZGl0aW9uIFB1Ymxpc2hlck5hbWU9Ik89TUlDUk9TT0ZUIENPUlBPUkFUSU9OLCBMPVJFRE1PTkQsIFM9V0FTSElOR1RPTiwgQz1VUyIgUHJvZHVjdE5hbWU9Ik1JQ1JPU09GVMKuIFdJTkRPV1PCriBPUEVSQVRJTkcgU1lTVEVNIiBCaW5hcnlOYW1lPSJDSVBIRVIuRVhFIj4NCiAgICAgICAgICA8QmluYXJ5VmVyc2lvblJhbmdlIExvd1NlY3Rpb249IioiIEhpZ2hTZWN0aW9uPSIqIiAvPg0KICAgICAgICA8L0ZpbGVQdWJsaXNoZXJDb25kaXRpb24+DQogICAgICAgIDxGaWxlUHVibGlzaGVyQ29uZGl0aW9uIFB1Ymxpc2hlck5hbWU9Ik89TUlDUk9TT0ZUIENPUlBPUkFUSU9OLCBMPVJFRE1PTkQsIFM9V0FTSElOR1RPTiwgQz1VUyIgUHJvZHVjdE5hbWU9Ik1JQ1JPU09GVMKuIC5ORVQgRlJBTUVXT1JLIiBCaW5hcnlOYW1lPSJJTlNUQUxMVVRJTC5FWEUiPg0KICAgICAgICAgIDxCaW5hcnlWZXJzaW9uUmFuZ2UgTG93U2VjdGlvbj0iKiIgSGlnaFNlY3Rpb249IioiIC8+DQogICAgICAgIDwvRmlsZVB1Ymxpc2hlckNvbmRpdGlvbj4NCiAgICAgICAgPEZpbGVQdWJsaXNoZXJDb25kaXRpb24gUHVibGlzaGVyTmFtZT0iTz1NSUNST1NPRlQgQ09SUE9SQVRJT04sIEw9UkVETU9ORCwgUz1XQVNISU5HVE9OLCBDPVVTIiBQcm9kdWN0TmFtZT0iTUlDUk9TT0ZUwq4gLk5FVCBGUkFNRVdPUksiIEJpbmFyeU5hbWU9Ik1JQ1JPU09GVC5XT1JLRkxPVy5DT01QSUxFUi5FWEUiPg0KICAgICAgICAgIDxCaW5hcnlWZXJzaW9uUmFuZ2UgTG93U2VjdGlvbj0iKiIgSGlnaFNlY3Rpb249IioiIC8+DQogICAgICAgIDwvRmlsZVB1Ymxpc2hlckNvbmRpdGlvbj4NCiAgICAgICAgPEZpbGVQdWJsaXNoZXJDb25kaXRpb24gUHVibGlzaGVyTmFtZT0iTz1NSUNST1NPRlQgQ09SUE9SQVRJT04sIEw9UkVETU9ORCwgUz1XQVNISU5HVE9OLCBDPVVTIiBQcm9kdWN0TmFtZT0iTUlDUk9TT0ZUwq4gLk5FVCBGUkFNRVdPUksiIEJpbmFyeU5hbWU9IlJFR0FTTS5FWEUiPg0KICAgICAgICAgIDxCaW5hcnlWZXJzaW9uUmFuZ2UgTG93U2VjdGlvbj0iKiIgSGlnaFNlY3Rpb249IioiIC8+DQogICAgICAgIDwvRmlsZVB1Ymxpc2hlckNvbmRpdGlvbj4NCiAgICAgIDwvRXhjZXB0aW9ucz4NCiAgICA8L0ZpbGVQYXRoUnVsZT4NCiAgICA8RmlsZVBhdGhSdWxlIElkPSI1YWU3NzVjNS0yNDY5LTQ5ZmUtOWZjZC02ZDhlOWM1NDVjMGIiIE5hbWU9IkFkZGl0aW9uYWwgYWxsb3dlZCBwYXRoOiAlT1NEUklWRSVcUFJPR1JBTURBVEFcTUlDUk9TT0ZUXFdJTkRPV1MgREVGRU5ERVJcKiIgRGVzY3JpcHRpb249IkFsbG93cyBFdmVyeW9uZSB0byBleGVjdXRlIGZyb20gJU9TRFJJVkUlXFBST0dSQU1EQVRBXE1JQ1JPU09GVFxXSU5ET1dTIERFRkVOREVSXCoiIFVzZXJPckdyb3VwU2lkPSJTLTEtMS0wIiBBY3Rpb249IkFsbG93Ij4NCiAgICAgIDxDb25kaXRpb25zPg0KICAgICAgICA8RmlsZVBhdGhDb25kaXRpb24gUGF0aD0iJU9TRFJJVkUlXFBST0dSQU1EQVRBXE1JQ1JPU09GVFxXSU5ET1dTIERFRkVOREVSXCoiIC8+DQogICAgICA8L0NvbmRpdGlvbnM+DQogICAgPC9GaWxlUGF0aFJ1bGU+DQogICAgPEZpbGVQdWJsaXNoZXJSdWxlIElkPSIwZGViODQxMC05MTVlLTQ4ODUtODhjOC1hNmIwZGQ4YTg2MjgiIE5hbWU9Ik1pY3Jvc29mdCBUZWFtczogU2lnbmVyL3Byb2R1Y3QgcnVsZSBmb3IgTz1NSUNST1NPRlQgQ09SUE9SQVRJT04sIEw9UkVETU9ORCwgUz1XQVNISU5HVE9OLCBDPVVTL01JQ1JPU09GVCBURUFNUyIgRGVzY3JpcHRpb249IkluZm9ybWF0aW9uIGFjcXVpcmVkIGZyb20gVHJ1c3RlZFNpZ25lcnMucHMxIiBVc2VyT3JHcm91cFNpZD0iUy0xLTEtMCIgQWN0aW9uPSJBbGxvdyI+DQogICAgICA8Q29uZGl0aW9ucz4NCiAgICAgICAgPEZpbGVQdWJsaXNoZXJDb25kaXRpb24gUHVibGlzaGVyTmFtZT0iTz1NSUNST1NPRlQgQ09SUE9SQVRJT04sIEw9UkVETU9ORCwgUz1XQVNISU5HVE9OLCBDPVVTIiBQcm9kdWN0TmFtZT0iTUlDUk9TT0ZUIFRFQU1TIiBCaW5hcnlOYW1lPSIqIj4NCiAgICAgICAgICA8QmluYXJ5VmVyc2lvblJhbmdlIExvd1NlY3Rpb249IioiIEhpZ2hTZWN0aW9uPSIqIiAvPg0KICAgICAgICA8L0ZpbGVQdWJsaXNoZXJDb25kaXRpb24+DQogICAgICA8L0NvbmRpdGlvbnM+DQogICAgPC9GaWxlUHVibGlzaGVyUnVsZT4NCiAgICA8RmlsZVB1Ymxpc2hlclJ1bGUgSWQ9IjhmN2NjZjY1LTFhNGItNDM2OS1hZjNkLTA1ZjNhMWNmOTI2OCIgTmFtZT0iT25lRHJpdmUgKFdpbjEwIHYxODA5IGluaXRpYWwgc3RhdGUpOiBNSUNST1NPRlQgT05FRFJJVkUiIERlc2NyaXB0aW9uPSJQcm9kdWN0OiBNSUNST1NPRlQgT05FRFJJVkUmI3hEOyYjeEE7UHVibGlzaGVyOiBPPU1JQ1JPU09GVCBDT1JQT1JBVElPTiwgTD1SRURNT05ELCBTPVdBU0hJTkdUT04sIEM9VVMmI3hEOyYjeEE7RmlsZShzKSBmb3VuZCBpbjogJU9TRFJJVkUlXFVTRVJTXEFCQllcQVBQREFUQVxMT0NBTFxNSUNST1NPRlRcT05FRFJJVkUiIFVzZXJPckdyb3VwU2lkPSJTLTEtMS0wIiBBY3Rpb249IkFsbG93Ij4NCiAgICAgIDxDb25kaXRpb25zPg0KICAgICAgICA8RmlsZVB1Ymxpc2hlckNvbmRpdGlvbiBQdWJsaXNoZXJOYW1lPSJPPU1JQ1JPU09GVCBDT1JQT1JBVElPTiwgTD1SRURNT05ELCBTPVdBU0hJTkdUT04sIEM9VVMiIFByb2R1Y3ROYW1lPSJNSUNST1NPRlQgT05FRFJJVkUiIEJpbmFyeU5hbWU9IioiPg0KICAgICAgICAgIDxCaW5hcnlWZXJzaW9uUmFuZ2UgTG93U2VjdGlvbj0iKiIgSGlnaFNlY3Rpb249IioiIC8+DQogICAgICAgIDwvRmlsZVB1Ymxpc2hlckNvbmRpdGlvbj4NCiAgICAgIDwvQ29uZGl0aW9ucz4NCiAgICA8L0ZpbGVQdWJsaXNoZXJSdWxlPg0KICA8L1J1bGVDb2xsZWN0aW9uPg==
NCSC - AppLocker.json,AppLocker MSI,PD94bWwgdmVyc2lvbj0iMS4wIiBlbmNvZGluZz0idXRmLTgiPz4NCiAgIDxSdWxlQ29sbGVjdGlvbiBUeXBlPSJNc2kiIEVuZm9yY2VtZW50TW9kZT0iRW5hYmxlZCI+DQogICAgPEZpbGVQYXRoUnVsZSBJZD0iYzY0ZTUyZmUtYmQwNS00M2VkLWFlOTEtZjM2MTIxODI4MjllIiBOYW1lPSJBbGwgV2luZG93cyBJbnN0YWxsZXIgZmlsZXMgdW5kZXIgJXdpbmRpciVcY2NtY2FjaGUiIERlc2NyaXB0aW9uPSJBbGxvd3MgZXZlcnlvbmUgdG8gcnVuIGluc3RhbGxlciBmaWxlcyBpbiB0aGUgU0NDTSBjYWNoZS4iIFVzZXJPckdyb3VwU2lkPSJTLTEtMS0wIiBBY3Rpb249IkFsbG93Ij4NCiAgICAgIDxDb25kaXRpb25zPg0KICAgICAgICA8RmlsZVBhdGhDb25kaXRpb24gUGF0aD0iJVdJTkRJUiVcY2NtY2FjaGVcKiIgLz4NCiAgICAgIDwvQ29uZGl0aW9ucz4NCiAgICA8L0ZpbGVQYXRoUnVsZT4NCiAgICA8RmlsZVBhdGhSdWxlIElkPSI1YjI5MDE4NC0zNDVhLTQ0NTMtYjE4NC00NTMwNWY2ZDlhNTQiIE5hbWU9IihEZWZhdWx0IFJ1bGUpIEFsbCBXaW5kb3dzIEluc3RhbGxlciBmaWxlcyBpbiAlc3lzdGVtZHJpdmUlXFdpbmRvd3NcSW5zdGFsbGVyIiBEZXNjcmlwdGlvbj0iQWxsb3dzIG1lbWJlcnMgb2YgdGhlIEV2ZXJ5b25lIGdyb3VwIHRvIHJ1biBhbGwgV2luZG93cyBJbnN0YWxsZXIgZmlsZXMgbG9jYXRlZCBpbiAlc3lzdGVtZHJpdmUlXFdpbmRvd3NcSW5zdGFsbGVyLiIgVXNlck9yR3JvdXBTaWQ9IlMtMS0xLTAiIEFjdGlvbj0iQWxsb3ciPg0KICAgICAgPENvbmRpdGlvbnM+DQogICAgICAgIDxGaWxlUGF0aENvbmRpdGlvbiBQYXRoPSIlV0lORElSJVxJbnN0YWxsZXJcKiIgLz4NCiAgICAgIDwvQ29uZGl0aW9ucz4NCiAgICA8L0ZpbGVQYXRoUnVsZT4NCiAgICA8RmlsZVBhdGhSdWxlIElkPSI2NGFkNDZmZi0wZDcxLTRmYTAtYTMwYi0zZjNkMzBjNTQzM2QiIE5hbWU9IihEZWZhdWx0IFJ1bGUpIEFsbCBXaW5kb3dzIEluc3RhbGxlciBmaWxlcyIgRGVzY3JpcHRpb249IkFsbG93cyBtZW1iZXJzIG9mIHRoZSBsb2NhbCBBZG1pbmlzdHJhdG9ycyBncm91cCB0byBydW4gYWxsIFdpbmRvd3MgSW5zdGFsbGVyIGZpbGVzLiIgVXNlck9yR3JvdXBTaWQ9IlMtMS01LTMyLTU0NCIgQWN0aW9uPSJBbGxvdyI+DQogICAgICA8Q29uZGl0aW9ucz4NCiAgICAgICAgPEZpbGVQYXRoQ29uZGl0aW9uIFBhdGg9IiouKiIgLz4NCiAgICAgIDwvQ29uZGl0aW9ucz4NCiAgICA8L0ZpbGVQYXRoUnVsZT4NCiAgICA8RmlsZVB1Ymxpc2hlclJ1bGUgSWQ9ImM1MTkyOWY1LTgxZjItNGQzNC1hM2JjLWZlYWQ1ZjcyNGQ5NyIgTmFtZT0iTWljcm9zb2Z0IFRlYW1zOiBTaWduZXIvcHJvZHVjdCBydWxlIGZvciBPPU1JQ1JPU09GVCBDT1JQT1JBVElPTiwgTD1SRURNT05ELCBTPVdBU0hJTkdUT04sIEM9VVMvTUlDUk9TT0ZUIFRFQU1TIiBEZXNjcmlwdGlvbj0iSW5mb3JtYXRpb24gYWNxdWlyZWQgZnJvbSBUcnVzdGVkU2lnbmVycy5wczEiIFVzZXJPckdyb3VwU2lkPSJTLTEtMS0wIiBBY3Rpb249IkFsbG93Ij4NCiAgICAgIDxDb25kaXRpb25zPg0KICAgICAgICA8RmlsZVB1Ymxpc2hlckNvbmRpdGlvbiBQdWJsaXNoZXJOYW1lPSJPPU1JQ1JPU09GVCBDT1JQT1JBVElPTiwgTD1SRURNT05ELCBTPVdBU0hJTkdUT04sIEM9VVMiIFByb2R1Y3ROYW1lPSJNSUNST1NPRlQgVEVBTVMiIEJpbmFyeU5hbWU9IioiPg0KICAgICAgICAgIDxCaW5hcnlWZXJzaW9uUmFuZ2UgTG93U2VjdGlvbj0iKiIgSGlnaFNlY3Rpb249IioiIC8+DQogICAgICAgIDwvRmlsZVB1Ymxpc2hlckNvbmRpdGlvbj4NCiAgICAgIDwvQ29uZGl0aW9ucz4NCiAgICA8L0ZpbGVQdWJsaXNoZXJSdWxlPg0KICAgIDxGaWxlUHVibGlzaGVyUnVsZSBJZD0iY2EzNGU4MzgtOTRjNy00MzMwLThmNGYtNmE1MmU4Y2U3MDUwIiBOYW1lPSJNaWNyb3NvZnQtc2lnbmVkIE1TSSBmaWxlczogU2lnbmVyIHJ1bGUgZm9yIE89TUlDUk9TT0ZUIENPUlBPUkFUSU9OLCBMPVJFRE1PTkQsIFM9V0FTSElOR1RPTiwgQz1VUyIgRGVzY3JpcHRpb249IkluZm9ybWF0aW9uIGFjcXVpcmVkIGZyb20gVHJ1c3RlZFNpZ25lcnMucHMxIiBVc2VyT3JHcm91cFNpZD0iUy0xLTEtMCIgQWN0aW9uPSJBbGxvdyI+DQogICAgICA8Q29uZGl0aW9ucz4NCiAgICAgICAgPEZpbGVQdWJsaXNoZXJDb25kaXRpb24gUHVibGlzaGVyTmFtZT0iTz1NSUNST1NPRlQgQ09SUE9SQVRJT04sIEw9UkVETU9ORCwgUz1XQVNISU5HVE9OLCBDPVVTIiBQcm9kdWN0TmFtZT0iKiIgQmluYXJ5TmFtZT0iKiI+DQogICAgICAgICAgPEJpbmFyeVZlcnNpb25SYW5nZSBMb3dTZWN0aW9uPSIqIiBIaWdoU2VjdGlvbj0iKiIgLz4NCiAgICAgICAgPC9GaWxlUHVibGlzaGVyQ29uZGl0aW9uPg0KICAgICAgPC9Db25kaXRpb25zPg0KICAgIDwvRmlsZVB1Ymxpc2hlclJ1bGU+DQogIDwvUnVsZUNvbGxlY3Rpb24+
NCSC - AppLocker.json,AppLocker Script,PD94bWwgdmVyc2lvbj0iMS4wIiBlbmNvZGluZz0idXRmLTgiPz4NCjxSdWxlQ29sbGVjdGlvbiBUeXBlPSJTY3JpcHQiIEVuZm9yY2VtZW50TW9kZT0iRW5hYmxlZCI+DQogICAgPEZpbGVQYXRoUnVsZSBJZD0iZWQ5N2QwY2ItMTVmZi00MzBmLWI4MmMtOGQ3ODMyOTU3NzI1IiBOYW1lPSIoRGVmYXVsdCBSdWxlKSBBbGwgc2NyaXB0cyIgRGVzY3JpcHRpb249IkFsbG93cyBtZW1iZXJzIG9mIHRoZSBsb2NhbCBBZG1pbmlzdHJhdG9ycyBncm91cCB0byBydW4gYWxsIHNjcmlwdHMuIiBVc2VyT3JHcm91cFNpZD0iUy0xLTUtMzItNTQ0IiBBY3Rpb249IkFsbG93Ij4NCiAgICAgIDxDb25kaXRpb25zPg0KICAgICAgICA8RmlsZVBhdGhDb25kaXRpb24gUGF0aD0iKiIgLz4NCiAgICAgIDwvQ29uZGl0aW9ucz4NCiAgICA8L0ZpbGVQYXRoUnVsZT4NCiAgICA8RmlsZVBhdGhSdWxlIElkPSI3NDJjMDg5YS1kNWJjLTRmMWUtOThkYy0yNTM1YjdiMTY0YjUiIE5hbWU9IkFsbCBzY3JpcHRzIGxvY2F0ZWQgaW4gdGhlIFByb2dyYW0gRmlsZXMgZm9sZGVyIiBEZXNjcmlwdGlvbj0iQWxsb3dzIG1lbWJlcnMgb2YgdGhlIEV2ZXJ5b25lIGdyb3VwIHRvIHJ1biBzY3JpcHRzIHRoYXQgYXJlIGxvY2F0ZWQgaW4gdGhlIFByb2dyYW0gRmlsZXMgZm9sZGVyLiIgVXNlck9yR3JvdXBTaWQ9IlMtMS0xLTAiIEFjdGlvbj0iQWxsb3ciPg0KICAgICAgPENvbmRpdGlvbnM+DQogICAgICAgIDxGaWxlUGF0aENvbmRpdGlvbiBQYXRoPSIlUFJPR1JBTUZJTEVTJVwqIiAvPg0KICAgICAgPC9Db25kaXRpb25zPg0KICAgIDwvRmlsZVBhdGhSdWxlPg0KICAgIDxGaWxlUGF0aFJ1bGUgSWQ9IjJkMmUyNzE1LTUwZDEtNGYzMi05ODg1LTdjOTM1ZTE4OWY0NCIgTmFtZT0iQWxsIHNjcmlwdHMgbG9jYXRlZCBpbiB0aGUgV2luZG93cyBmb2xkZXIiIERlc2NyaXB0aW9uPSJBbGxvd3MgbWVtYmVycyBvZiB0aGUgRXZlcnlvbmUgZ3JvdXAgdG8gcnVuIHNjcmlwdHMgdGhhdCBhcmUgbG9jYXRlZCBpbiB0aGUgV2luZG93cyBmb2xkZXIuIiBVc2VyT3JHcm91cFNpZD0iUy0xLTEtMCIgQWN0aW9uPSJBbGxvdyI+DQogICAgICA8Q29uZGl0aW9ucz4NCiAgICAgICAgPEZpbGVQYXRoQ29uZGl0aW9uIFBhdGg9IiVXSU5ESVIlXCoiIC8+DQogICAgICA8L0NvbmRpdGlvbnM+DQogICAgICA8RXhjZXB0aW9ucz4NCiAgICAgICAgPEZpbGVQYXRoQ29uZGl0aW9uIFBhdGg9IiVXSU5ESVIlXHJlZ2lzdHJhdGlvblxjcm1sb2dcKiIgLz4NCiAgICAgICAgPEZpbGVQYXRoQ29uZGl0aW9uIFBhdGg9IiVXSU5ESVIlXHNlcnZpY2VzdGF0ZVxkZXRlY3Rpb252ZXJpZmljYXRpb25kcnZcZGF0YVwqIiAvPg0KICAgICAgICA8RmlsZVBhdGhDb25kaXRpb24gUGF0aD0iJVdJTkRJUiVcc2VydmljZXN0YXRlXGRldGVjdGlvbnZlcmlmaWNhdGlvbmRydlxkYXRhOioiIC8+DQogICAgICAgIDxGaWxlUGF0aENvbmRpdGlvbiBQYXRoPSIlV0lORElSJVxzZXJ2aWNlc3RhdGVcZXNpZl91bWRmMlxkYXRhXCoiIC8+DQogICAgICAgIDxGaWxlUGF0aENvbmRpdGlvbiBQYXRoPSIlV0lORElSJVxzZXJ2aWNlc3RhdGVcZXNpZl91bWRmMlxkYXRhOioiIC8+DQogICAgICAgIDxGaWxlUGF0aENvbmRpdGlvbiBQYXRoPSIlV0lORElSJVxzZXJ2aWNlc3RhdGVcaGVsbG9mYWNlXGRhdGFcKiIgLz4NCiAgICAgICAgPEZpbGVQYXRoQ29uZGl0aW9uIFBhdGg9IiVXSU5ESVIlXHNlcnZpY2VzdGF0ZVxoZWxsb2ZhY2VcZGF0YToqIiAvPg0KICAgICAgICA8RmlsZVBhdGhDb25kaXRpb24gUGF0aD0iJVdJTkRJUiVcc2VydmljZXN0YXRlXHNlbnNvcnNjeDAxMDJcZGF0YVwqIiAvPg0KICAgICAgICA8RmlsZVBhdGhDb25kaXRpb24gUGF0aD0iJVdJTkRJUiVcc2VydmljZXN0YXRlXHNlbnNvcnNjeDAxMDJcZGF0YToqIiAvPg0KICAgICAgICA8RmlsZVBhdGhDb25kaXRpb24gUGF0aD0iJVdJTkRJUiVcc2VydmljZXN0YXRlXHNlbnNvcnNoaWRjbGFzc2RyaXZlclxkYXRhXCoiIC8+DQogICAgICAgIDxGaWxlUGF0aENvbmRpdGlvbiBQYXRoPSIlV0lORElSJVxzZXJ2aWNlc3RhdGVcc2Vuc29yc2hpZGNsYXNzZHJpdmVyXGRhdGE6KiIgLz4NCiAgICAgICAgPEZpbGVQYXRoQ29uZGl0aW9uIFBhdGg9IiVXSU5ESVIlXHNlcnZpY2VzdGF0ZVxzdXJmYWNlcGVucGFpcmluZ1xkYXRhXCoiIC8+DQogICAgICAgIDxGaWxlUGF0aENvbmRpdGlvbiBQYXRoPSIlV0lORElSJVxzZXJ2aWNlc3RhdGVcc3VyZmFjZXBlbnBhaXJpbmdcZGF0YToqIiAvPg0KICAgICAgICA8RmlsZVBhdGhDb25kaXRpb24gUGF0aD0iJVNZU1RFTTMyJVxjb21cZG1wXCoiIC8+DQogICAgICAgIDxGaWxlUGF0aENvbmRpdGlvbiBQYXRoPSIlU1lTVEVNMzIlXGRyaXZlcnNcZHJpdmVyZGF0YVwqIiAvPg0KICAgICAgICA8RmlsZVBhdGhDb25kaXRpb24gUGF0aD0iJVNZU1RFTTMyJVxkcml2ZXJzXGRyaXZlcmRhdGE6KiIgLz4NCiAgICAgICAgPEZpbGVQYXRoQ29uZGl0aW9uIFBhdGg9IiVTWVNURU0zMiVcZnhzdG1wXCoiIC8+DQogICAgICAgIDxGaWxlUGF0aENvbmRpdGlvbiBQYXRoPSIlU1lTVEVNMzIlXG1pY3Jvc29mdFxjcnlwdG9ccnNhXG1hY2hpbmVrZXlzXCoiIC8+DQogICAgICAgIDxGaWxlUGF0aENvbmRpdGlvbiBQYXRoPSIlU1lTVEVNMzIlXG1pY3Jvc29mdFxjcnlwdG9ccnNhXG1hY2hpbmVrZXlzOioiIC8+DQogICAgICAgIDxGaWxlUGF0aENvbmRpdGlvbiBQYXRoPSIlU1lTVEVNMzIlXHNwb29sXGRyaXZlcnNcY29sb3JcKiIgLz4NCiAgICAgICAgPEZpbGVQYXRoQ29uZGl0aW9uIFBhdGg9IiVTWVNURU0zMiVcc3Bvb2xccHJpbnRlcnNcKiIgLz4NCiAgICAgICAgPEZpbGVQYXRoQ29uZGl0aW9uIFBhdGg9IiVTWVNURU0zMiVcc3Bvb2xcc2VydmVyc1wqIiAvPg0KICAgICAgICA8RmlsZVBhdGhDb25kaXRpb24gUGF0aD0iJVNZU1RFTTMyJVx0YXNrc1wqIiAvPg0KICAgICAgICA8RmlsZVBhdGhDb25kaXRpb24gUGF0aD0iJVNZU1RFTTMyJVx0YXNrc19taWdyYXRlZFwqIiAvPg0KCQk8RmlsZVBhdGhDb25kaXRpb24gUGF0aD0iJVdJTkRJUiVcU3lzV09XNjRcY29tXGRtcFwqIi8+DQoJCTxGaWxlUGF0aENvbmRpdGlvbiBQYXRoPSIlV0lORElSJVxTeXNXT1c2NFxGeHNUbXBcKiIvPg0KCQk8RmlsZVBhdGhDb25kaXRpb24gUGF0aD0iJVdJTkRJUiVcU3lzV09XNjRcVGFza3NcKiIvPg0KICAgICAgICA8RmlsZVBhdGhDb25kaXRpb24gUGF0aD0iJVdJTkRJUiVcdGFza3NcKiIgLz4NCiAgICAgICAgPEZpbGVQYXRoQ29uZGl0aW9uIFBhdGg9IiVXSU5ESVIlXHRlbXBcKiIgLz4NCiAgICAgICAgPEZpbGVQYXRoQ29uZGl0aW9uIFBhdGg9IiVXSU5ESVIlXHRyYWNpbmdcKiIgLz4NCiAgICAgICAgPEZpbGVQYXRoQ29uZGl0aW9uIFBhdGg9IiVXSU5ESVIlXHRyYWNpbmc6KiIgLz4NCiAgICAgIDwvRXhjZXB0aW9ucz4NCiAgICA8L0ZpbGVQYXRoUnVsZT4NCiAgICA8RmlsZVBhdGhSdWxlIElkPSJjYjUzYjc3My05OTI5LTRhMDktOTc1OC02NDFkMTg5ZWYyYjQiIE5hbWU9IkFkZGl0aW9uYWwgYWxsb3dlZCBwYXRoOiAlT1NEUklWRSVcUFJPR1JBTURBVEFcTUlDUk9TT0ZUXFdJTkRPV1MgREVGRU5ERVJcKiIgRGVzY3JpcHRpb249IkFsbG93cyBFdmVyeW9uZSB0byBleGVjdXRlIGZyb20gJU9TRFJJVkUlXFBST0dSQU1EQVRBXE1JQ1JPU09GVFxXSU5ET1dTIERFRkVOREVSXCoiIFVzZXJPckdyb3VwU2lkPSJTLTEtMS0wIiBBY3Rpb249IkFsbG93Ij4NCiAgICAgIDxDb25kaXRpb25zPg0KICAgICAgICA8RmlsZVBhdGhDb25kaXRpb24gUGF0aD0iJU9TRFJJVkUlXFBST0dSQU1EQVRBXE1JQ1JPU09GVFxXSU5ET1dTIERFRkVOREVSXCoiIC8+DQogICAgICA8L0NvbmRpdGlvbnM+DQogICAgPC9GaWxlUGF0aFJ1bGU+DQogICAgPEZpbGVQdWJsaXNoZXJSdWxlIElkPSI4YTc4YmRiZi1kYWQ4LTRiMzItYmE0Zi0yZDk3MTI0ZTQxNzEiIE5hbWU9Ik1pY3Jvc29mdCBUZWFtczogU2lnbmVyL3Byb2R1Y3QgcnVsZSBmb3IgTz1NSUNST1NPRlQgQ09SUE9SQVRJT04sIEw9UkVETU9ORCwgUz1XQVNISU5HVE9OLCBDPVVTL01JQ1JPU09GVCBURUFNUyIgRGVzY3JpcHRpb249IkluZm9ybWF0aW9uIGFjcXVpcmVkIGZyb20gVHJ1c3RlZFNpZ25lcnMucHMxIiBVc2VyT3JHcm91cFNpZD0iUy0xLTEtMCIgQWN0aW9uPSJBbGxvdyI+DQogICAgICA8Q29uZGl0aW9ucz4NCiAgICAgICAgPEZpbGVQdWJsaXNoZXJDb25kaXRpb24gUHVibGlzaGVyTmFtZT0iTz1NSUNST1NPRlQgQ09SUE9SQVRJT04sIEw9UkVETU9ORCwgUz1XQVNISU5HVE9OLCBDPVVTIiBQcm9kdWN0TmFtZT0iTUlDUk9TT0ZUIFRFQU1TIiBCaW5hcnlOYW1lPSIqIj4NCiAgICAgICAgICA8QmluYXJ5VmVyc2lvblJhbmdlIExvd1NlY3Rpb249IioiIEhpZ2hTZWN0aW9uPSIqIiAvPg0KICAgICAgICA8L0ZpbGVQdWJsaXNoZXJDb25kaXRpb24+DQogICAgICA8L0NvbmRpdGlvbnM+DQogICAgPC9GaWxlUHVibGlzaGVyUnVsZT4NCiAgICA8RmlsZVB1Ymxpc2hlclJ1bGUgSWQ9IjQ1ODRiM2QzLTllMTEtNDEwNC1iN2ZhLTg1MWEyMjc0ZDQzMCIgTmFtZT0iTWljcm9zb2Z0LXNpZ25lZCBzY3JpcHQgZmlsZXM6IFNpZ25lciBydWxlIGZvciBPPU1JQ1JPU09GVCBDT1JQT1JBVElPTiwgTD1SRURNT05ELCBTPVdBU0hJTkdUT04sIEM9VVMiIERlc2NyaXB0aW9uPSJJbmZvcm1hdGlvbiBhY3F1aXJlZCBmcm9tIFRydXN0ZWRTaWduZXJzLnBzMSIgVXNlck9yR3JvdXBTaWQ9IlMtMS0xLTAiIEFjdGlvbj0iQWxsb3ciPg0KICAgICAgPENvbmRpdGlvbnM+DQogICAgICAgIDxGaWxlUHVibGlzaGVyQ29uZGl0aW9uIFB1Ymxpc2hlck5hbWU9Ik89TUlDUk9TT0ZUIENPUlBPUkFUSU9OLCBMPVJFRE1PTkQsIFM9V0FTSElOR1RPTiwgQz1VUyIgUHJvZHVjdE5hbWU9IioiIEJpbmFyeU5hbWU9IioiPg0KICAgICAgICAgIDxCaW5hcnlWZXJzaW9uUmFuZ2UgTG93U2VjdGlvbj0iKiIgSGlnaFNlY3Rpb249IioiIC8+DQogICAgICAgIDwvRmlsZVB1Ymxpc2hlckNvbmRpdGlvbj4NCiAgICAgIDwvQ29uZGl0aW9ucz4NCiAgICA8L0ZpbGVQdWJsaXNoZXJSdWxlPg0KICA8L1J1bGVDb2xsZWN0aW9uPg==
NCSC - AppLocker.json,AppLocker DLL,PD94bWwgdmVyc2lvbj0iMS4wIiBlbmNvZGluZz0idXRmLTgiPz4NCjxSdWxlQ29sbGVjdGlvbiBUeXBlPSJEbGwiIEVuZm9yY2VtZW50TW9kZT0iRW5hYmxlZCI+DQogICAgPEZpbGVQdWJsaXNoZXJSdWxlIElkPSIwNjQ1YTExNC1lNTVhLTRkOTUtOTUxMS01OTA1NDg5ODY3YzYiIE5hbWU9IkRpc2FsbG93IFBvd2VyU2hlbGwgdjIiIERlc2NyaXB0aW9uPSJFeHBsaWNpdGx5IGRlbnkgc2lnbmVkIERMTHMgbmVlZGVkIGZvciBQb3dlclNoZWxsIHYyIChpbXBsaWNpdGx5IGFsbG93IDEwLiogYW5kIGFib3ZlKSIgVXNlck9yR3JvdXBTaWQ9IlMtMS0xLTAiIEFjdGlvbj0iRGVueSI+DQogICAgICA8Q29uZGl0aW9ucz4NCiAgICAgICAgPEZpbGVQdWJsaXNoZXJDb25kaXRpb24gUHVibGlzaGVyTmFtZT0iTz1NSUNST1NPRlQgQ09SUE9SQVRJT04sIEw9UkVETU9ORCwgUz1XQVNISU5HVE9OLCBDPVVTIiBQcm9kdWN0TmFtZT0iTUlDUk9TT0ZUIChSKSBXSU5ET1dTIChSKSBPUEVSQVRJTkcgU1lTVEVNIiBCaW5hcnlOYW1lPSJTWVNURU0uTUFOQUdFTUVOVC5BVVRPTUFUSU9OLkRMTCI+DQogICAgICAgICAgPEJpbmFyeVZlcnNpb25SYW5nZSBMb3dTZWN0aW9uPSIqIiBIaWdoU2VjdGlvbj0iOS45LjkuOSIgLz4NCiAgICAgICAgPC9GaWxlUHVibGlzaGVyQ29uZGl0aW9uPg0KICAgICAgPC9Db25kaXRpb25zPg0KICAgIDwvRmlsZVB1Ymxpc2hlclJ1bGU+DQogICAgPEZpbGVQYXRoUnVsZSBJZD0iZmU2NGY1OWYtNmZjYS00NWU1LWE3MzEtMGY2NzE1MzI3YzM4IiBOYW1lPSIoRGVmYXVsdCBSdWxlKSBBbGwgRExMcyIgRGVzY3JpcHRpb249IkFsbG93cyBtZW1iZXJzIG9mIHRoZSBsb2NhbCBBZG1pbmlzdHJhdG9ycyBncm91cCB0byBsb2FkIGFsbCBETExzLiIgVXNlck9yR3JvdXBTaWQ9IlMtMS01LTMyLTU0NCIgQWN0aW9uPSJBbGxvdyI+DQogICAgICA8Q29uZGl0aW9ucz4NCiAgICAgICAgPEZpbGVQYXRoQ29uZGl0aW9uIFBhdGg9IioiIC8+DQogICAgICA8L0NvbmRpdGlvbnM+DQogICAgPC9GaWxlUGF0aFJ1bGU+DQogICAgPEZpbGVQYXRoUnVsZSBJZD0iODYwZjBmYTUtYWZkOS00OTI5LTg4MGItY2YwYzZmMDUyYzY3IiBOYW1lPSJNaWNyb3NvZnQgV2luZG93cyBETExzIiBEZXNjcmlwdGlvbj0iQWxsb3dzIG1lbWJlcnMgb2YgdGhlIEV2ZXJ5b25lIGdyb3VwIHRvIGxvYWQgRExMcyBsb2NhdGVkIGluIHRoZSBXaW5kb3dzIGZvbGRlci4iIFVzZXJPckdyb3VwU2lkPSJTLTEtMS0wIiBBY3Rpb249IkFsbG93Ij4NCiAgICAgIDxDb25kaXRpb25zPg0KICAgICAgICA8RmlsZVBhdGhDb25kaXRpb24gUGF0aD0iJVdJTkRJUiVcKiIgLz4NCiAgICAgIDwvQ29uZGl0aW9ucz4NCiAgICAgIDxFeGNlcHRpb25zPg0KICAgICAgICA8RmlsZVBhdGhDb25kaXRpb24gUGF0aD0iJVdJTkRJUiVccmVnaXN0cmF0aW9uXGNybWxvZ1wqIiAvPg0KICAgICAgICA8RmlsZVBhdGhDb25kaXRpb24gUGF0aD0iJVNZU1RFTTMyJVxjb21cZG1wXCoiIC8+DQogICAgICAgIDxGaWxlUGF0aENvbmRpdGlvbiBQYXRoPSIlU1lTVEVNMzIlXGRyaXZlcnNcZHJpdmVyZGF0YVwqIiAvPg0KICAgICAgICA8RmlsZVBhdGhDb25kaXRpb24gUGF0aD0iJVNZU1RFTTMyJVxkcml2ZXJzXGRyaXZlcmRhdGE6KiIgLz4NCiAgICAgICAgPEZpbGVQYXRoQ29uZGl0aW9uIFBhdGg9IiVTWVNURU0zMiVcZnhzdG1wXCoiIC8+DQogICAgICAgIDxGaWxlUGF0aENvbmRpdGlvbiBQYXRoPSIlU1lTVEVNMzIlXG1pY3Jvc29mdFxjcnlwdG9ccnNhXG1hY2hpbmVrZXlzXCoiIC8+DQogICAgICAgIDxGaWxlUGF0aENvbmRpdGlvbiBQYXRoPSIlU1lTVEVNMzIlXG1pY3Jvc29mdFxjcnlwdG9ccnNhXG1hY2hpbmVrZXlzOioiIC8+DQogICAgICAgIDxGaWxlUGF0aENvbmRpdGlvbiBQYXRoPSIlU1lTVEVNMzIlXHNwb29sXGRyaXZlcnNcY29sb3JcKiIgLz4NCiAgICAgICAgPEZpbGVQYXRoQ29uZGl0aW9uIFBhdGg9IiVTWVNURU0zMiVcc3Bvb2xccHJpbnRlcnNcKiIgLz4NCiAgICAgICAgPEZpbGVQYXRoQ29uZGl0aW9uIFBhdGg9IiVTWVNURU0zMiVcc3Bvb2xcc2VydmVyc1wqIiAvPg0KICAgICAgICA8RmlsZVBhdGhDb25kaXRpb24gUGF0aD0iJVNZU1RFTTMyJVx0YXNrc1wqIiAvPg0KICAgICAgICA8RmlsZVBhdGhDb25kaXRpb24gUGF0aD0iJVNZU1RFTTMyJVx0YXNrc19taWdyYXRlZFwqIiAvPg0KCQk8RmlsZVBhdGhDb25kaXRpb24gUGF0aD0iJVdJTkRJUiVcU3lzV09XNjRcY29tXHRtcFwqIi8+DQoJCTxGaWxlUGF0aENvbmRpdGlvbiBQYXRoPSIlV0lORElSJVxTeXNXT1c2NFxGeHNUbXBcKiIvPg0KCQk8RmlsZVBhdGhDb25kaXRpb24gUGF0aD0iJVdJTkRJUiVcU3lzV09XNjRcVGFza3NcKiIvPg0KICAgICAgICA8RmlsZVBhdGhDb25kaXRpb24gUGF0aD0iJVdJTkRJUiVcdGFza3NcKiIgLz4NCiAgICAgICAgPEZpbGVQYXRoQ29uZGl0aW9uIFBhdGg9IiVXSU5ESVIlXHRlbXBcKiIgLz4NCiAgICAgICAgPEZpbGVQYXRoQ29uZGl0aW9uIFBhdGg9IiVXSU5ESVIlXHRyYWNpbmdcKiIgLz4NCiAgICAgICAgPEZpbGVQYXRoQ29uZGl0aW9uIFBhdGg9IiVXSU5ESVIlXHRyYWNpbmc6KiIgLz4NCiAgICAgIDwvRXhjZXB0aW9ucz4NCiAgICA8L0ZpbGVQYXRoUnVsZT4NCiAgICA8RmlsZVBhdGhSdWxlIElkPSJlNDMxZDA4MC1hOGUzLTQ4ZDYtOTA0Yi0xOWJkYTk1YjNmYjciIE5hbWU9IkFsbCBETExzIGxvY2F0ZWQgaW4gdGhlIFByb2dyYW0gRmlsZXMgZm9sZGVyIiBEZXNjcmlwdGlvbj0iQWxsb3dzIG1lbWJlcnMgb2YgdGhlIEV2ZXJ5b25lIGdyb3VwIHRvIGxvYWQgRExMcyB0aGF0IGFyZSBsb2NhdGVkIGluIHRoZSBQcm9ncmFtIEZpbGVzIGZvbGRlci4iIFVzZXJPckdyb3VwU2lkPSJTLTEtMS0wIiBBY3Rpb249IkFsbG93Ij4NCiAgICAgIDxDb25kaXRpb25zPg0KICAgICAgICA8RmlsZVBhdGhDb25kaXRpb24gUGF0aD0iJVBST0dSQU1GSUxFUyVcKiIgLz4NCiAgICAgIDwvQ29uZGl0aW9ucz4NCiAgICA8L0ZpbGVQYXRoUnVsZT4NCiAgICA8RmlsZVBhdGhSdWxlIElkPSI0ZjM5YmYxMC1mOWVhLTQ5ZDUtYmEyNi01NTUzNWJhNWZiMzUiIE5hbWU9IkRpc2FsbG93IFBvd2VyU2hlbGwgdjIiIERlc2NyaXB0aW9uPSJFeHBsaWNpdGx5IGRlbnkgdW5zaWduZWQgSklUIG5hdGl2ZSBpbWFnZXMgbmVlZGVkIGZvciBQb3dlclNoZWxsIHYyIiBVc2VyT3JHcm91cFNpZD0iUy0xLTEtMCIgQWN0aW9uPSJEZW55Ij4NCiAgICAgIDxDb25kaXRpb25zPg0KICAgICAgICA8RmlsZVBhdGhDb25kaXRpb24gUGF0aD0iJVdJTkRJUiVcYXNzZW1ibHlcTmF0aXZlSW1hZ2VzX3YyLjAuNTA3MjdfMzJcU3lzdGVtLk1hbmFnZW1lbnQuQSNcKiIgLz4NCiAgICAgIDwvQ29uZGl0aW9ucz4NCiAgICA8L0ZpbGVQYXRoUnVsZT4NCiAgICA8RmlsZVBhdGhSdWxlIElkPSIzMWQwYTE3ZS00MjBmLTRiNzktOTUzZi1kNjgxZmQ2OTI4OWYiIE5hbWU9IkRpc2FsbG93IFBvd2VyU2hlbGwgdjIiIERlc2NyaXB0aW9uPSJFeHBsaWNpdGx5IGRlbnkgdW5zaWduZWQgSklUIG5hdGl2ZSBpbWFnZXMgbmVlZGVkIGZvciBQb3dlclNoZWxsIHYyIiBVc2VyT3JHcm91cFNpZD0iUy0xLTEtMCIgQWN0aW9uPSJEZW55Ij4NCiAgICAgIDxDb25kaXRpb25zPg0KICAgICAgICA8RmlsZVBhdGhDb25kaXRpb24gUGF0aD0iJVdJTkRJUiVcYXNzZW1ibHlcTmF0aXZlSW1hZ2VzX3YyLjAuNTA3MjdfNjRcU3lzdGVtLk1hbmFnZW1lbnQuQSNcKiIgLz4NCiAgICAgIDwvQ29uZGl0aW9ucz4NCiAgICA8L0ZpbGVQYXRoUnVsZT4NCiAgICA8RmlsZVBhdGhSdWxlIElkPSIzZmU0ZjM4NS1hNDBiLTQ2NjMtYTUwOS0xZmZmN2Y3ZDhlNmUiIE5hbWU9IkFkZGl0aW9uYWwgYWxsb3dlZCBwYXRoOiAlT1NEUklWRSVcUFJPR1JBTURBVEFcTUlDUk9TT0ZUXFdJTkRPV1MgREVGRU5ERVJcKiIgRGVzY3JpcHRpb249IkFsbG93cyBFdmVyeW9uZSB0byBleGVjdXRlIGZyb20gJU9TRFJJVkUlXFBST0dSQU1EQVRBXE1JQ1JPU09GVFxXSU5ET1dTIERFRkVOREVSXCoiIFVzZXJPckdyb3VwU2lkPSJTLTEtMS0wIiBBY3Rpb249IkFsbG93Ij4NCiAgICAgIDxDb25kaXRpb25zPg0KICAgICAgICA8RmlsZVBhdGhDb25kaXRpb24gUGF0aD0iJU9TRFJJVkUlXFBST0dSQU1EQVRBXE1JQ1JPU09GVFxXSU5ET1dTIERFRkVOREVSXCoiIC8+DQogICAgICA8L0NvbmRpdGlvbnM+DQogICAgPC9GaWxlUGF0aFJ1bGU+DQogICAgPEZpbGVQdWJsaXNoZXJSdWxlIElkPSI3MDZiOGM3MS04M2Y0LTRhOGUtYmEzYS0yOWRkNjQxZjRhMTciIE5hbWU9Ik1pY3Jvc29mdCBUZWFtczogU2lnbmVyL3Byb2R1Y3QgcnVsZSBmb3IgTz1NSUNST1NPRlQgQ09SUE9SQVRJT04sIEw9UkVETU9ORCwgUz1XQVNISU5HVE9OLCBDPVVTL01JQ1JPU09GVCBURUFNUyIgRGVzY3JpcHRpb249IkluZm9ybWF0aW9uIGFjcXVpcmVkIGZyb20gVHJ1c3RlZFNpZ25lcnMucHMxIiBVc2VyT3JHcm91cFNpZD0iUy0xLTEtMCIgQWN0aW9uPSJBbGxvdyI+DQogICAgICA8Q29uZGl0aW9ucz4NCiAgICAgICAgPEZpbGVQdWJsaXNoZXJDb25kaXRpb24gUHVibGlzaGVyTmFtZT0iTz1NSUNST1NPRlQgQ09SUE9SQVRJT04sIEw9UkVETU9ORCwgUz1XQVNISU5HVE9OLCBDPVVTIiBQcm9kdWN0TmFtZT0iTUlDUk9TT0ZUIFRFQU1TIiBCaW5hcnlOYW1lPSIqIj4NCiAgICAgICAgICA8QmluYXJ5VmVyc2lvblJhbmdlIExvd1NlY3Rpb249IioiIEhpZ2hTZWN0aW9uPSIqIiAvPg0KICAgICAgICA8L0ZpbGVQdWJsaXNoZXJDb25kaXRpb24+DQogICAgICA8L0NvbmRpdGlvbnM+DQogICAgPC9GaWxlUHVibGlzaGVyUnVsZT4NCiAgICA8RmlsZVB1Ymxpc2hlclJ1bGUgSWQ9ImYyOTQ1MTFiLWMxOTctNDgxYS1hZDBlLWY0Y2I3YjRmOWZjYyIgTmFtZT0iT25lRHJpdmUgKFdpbjEwIHYxODA5IGluaXRpYWwgc3RhdGUpOiBNSUNST1NPRlQgT05FRFJJVkUiIERlc2NyaXB0aW9uPSJQcm9kdWN0OiBNSUNST1NPRlQgT05FRFJJVkUmI3hEOyYjeEE7UHVibGlzaGVyOiBPPU1JQ1JPU09GVCBDT1JQT1JBVElPTiwgTD1SRURNT05ELCBTPVdBU0hJTkdUT04sIEM9VVMiIFVzZXJPckdyb3VwU2lkPSJTLTEtMS0wIiBBY3Rpb249IkFsbG93Ij4NCiAgICAgIDxDb25kaXRpb25zPg0KICAgICAgICA8RmlsZVB1Ymxpc2hlckNvbmRpdGlvbiBQdWJsaXNoZXJOYW1lPSJPPU1JQ1JPU09GVCBDT1JQT1JBVElPTiwgTD1SRURNT05ELCBTPVdBU0hJTkdUT04sIEM9VVMiIFByb2R1Y3ROYW1lPSJNSUNST1NPRlQgT05FRFJJVkUiIEJpbmFyeU5hbWU9IioiPg0KICAgICAgICAgIDxCaW5hcnlWZXJzaW9uUmFuZ2UgTG93U2VjdGlvbj0iKiIgSGlnaFNlY3Rpb249IioiIC8+DQogICAgICAgIDwvRmlsZVB1Ymxpc2hlckNvbmRpdGlvbj4NCiAgICAgIDwvQ29uZGl0aW9ucz4NCiAgICA8L0ZpbGVQdWJsaXNoZXJSdWxlPg0KICA8L1J1bGVDb2xsZWN0aW9uPg==
NCSC - Attack Surface Reduction Rules.json,defenderAdobeReaderLaunchChildProcess,enable
NCSC - Attack Surface Reduction Rules.json,defenderOfficeAppsOtherProcessInjectionType,block
NCSC - Attack Surface Reduction Rules.json,defenderOfficeAppsOtherProcessInjection,enable
NCSC - Attack Surface Reduction Rules.json,defenderOfficeCommunicationAppsLaunchChildProcess,enable
NCSC - Attack Surface Reduction Rules.json,defenderOfficeAppsExecutableContentCreationOrLaunchType,block
NCSC - Attack Surface Reduction Rules.json,defenderOfficeAppsExecutableContentCreationOrLaunch,enable
NCSC - Attack Surface Reduction Rules.json,defenderOfficeAppsLaunchChildProcessType,block
NCSC - Attack Surface Reduction Rules.json,defenderOfficeAppsLaunchChildProcess,enable
NCSC - Attack Surface Reduction Rules.json,defenderOfficeMacroCodeAllowWin32ImportsType,block
NCSC - Attack Surface Reduction Rules.json,defenderOfficeMacroCodeAllowWin32Imports,enable
NCSC - Attack Surface Reduction Rules.json,defenderScriptObfuscatedMacroCodeType,block
NCSC - Attack Surface Reduction Rules.json,defenderScriptObfuscatedMacroCode,enable
NCSC - Attack Surface Reduction Rules.json,defenderScriptDownloadedPayloadExecutionType,block
NCSC - Attack Surface Reduction Rules.json,defenderScriptDownloadedPayloadExecution,enable
NCSC - Attack Surface Reduction Rules.json,defenderPreventCredentialStealingType,enable
NCSC - Attack Surface Reduction Rules.json,defenderProcessCreationType,block
NCSC - Attack Surface Reduction Rules.json,defenderProcessCreation,enable
NCSC - Attack Surface Reduction Rules.json,defenderUntrustedUSBProcessType,block
NCSC - Attack Surface Reduction Rules.json,defenderUntrustedUSBProcess,enable
NCSC - Attack Surface Reduction Rules.json,defenderUntrustedExecutableType,block
NCSC - Attack Surface Reduction Rules.json,defenderUntrustedExecutable,enable
NCSC - Attack Surface Reduction Rules.json,defenderEmailContentExecutionType,block
NCSC - Attack Surface Reduction Rules.json,defenderEmailContentExecution,enable
NCSC - Attack Surface Reduction Rules.json,defenderAdvancedRansomewareProtectionType,enable
NCSC - Attack Surface Reduction Rules.json,defenderGuardMyFoldersType,enable
NCSC - Bitlocker.json,bitLockerAllowStandardUserEncryption,TRUE
NCSC - Bitlocker.json,bitLockerDisableWarningForOtherDiskEncryption,TRUE
NCSC - Bitlocker.json,bitLockerEncryptDevice,TRUE
NCSC - Bitlocker.json,bitLockerRecoveryPasswordRotation,enabledForAzureAdAndHybrid
NCSC - Bitlocker.json,bitLockerSystemDrivePolicy,"{""encryptionMethod"": ""xtsAes128"", ""startupAuthenticationRequired"": true, ""startupAuthenticationBlockWithoutTpmChip"": false, ""startupAuthenticationTpmUsage"": ""allowed"", ""startupAuthenticationTpmPinUsage"": ""allowed"", ""startupAuthenticationTpmKeyUsage"": ""blocked"", ""startupAuthenticationTpmPinAndKeyUsage"": ""blocked"", ""minimumPinLength"": null, ""prebootRecoveryEnableMessageAndUrl"": false, ""prebootRecoveryMessage"": null, ""prebootRecoveryUrl"": null, ""recoveryOptions"": {""blockDataRecoveryAgent"": false, ""recoveryPasswordUsage"": ""allowed"", ""recoveryKeyUsage"": ""allowed"", ""hideRecoveryOptions"": true, ""enableRecoveryInformationSaveToStore"": true, ""recoveryInformationToStore"": ""passwordAndKey"", ""enableBitLockerAfterRecoveryInformationToStore"": true}}"
NCSC - Bitlocker.json,bitLockerFixedDrivePolicy,"{""encryptionMethod"": ""xtsAes128"", ""requireEncryptionForWriteAccess"": false, ""recoveryOptions"": null}"
NCSC - Bitlocker.json,bitLockerRemovableDrivePolicy,"{""encryptionMethod"": ""aesCbc128"", ""requireEncryptionForWriteAccess"": false, ""blockCrossOrganizationWriteAccess"": false}"
NCSC - Credential Guard.json,deviceGuardLocalSystemAuthorityCredentialGuardSettings,enableWithoutUEFILock
NCSC - Credential Guard.json,deviceGuardEnableVirtualizationBasedSecurity,TRUE
NCSC - Credential Guard.json,deviceGuardEnableSecureBootWithDMA,TRUE
NCSC - Custom Settings.json,Search/AllowIndexingEncryptedStoresOrItems,0
NCSC - Custom Settings.json,LanmanWorkstation/EnableInsecureGuestLogons,0
NCSC - Custom Settings.json,Games/AllowAdvancedGamingServices,0
NCSC - Custom Settings.json,RemoteAssistance/SolicitedRemoteAssistance,<disabled/>
NCSC - Custom Settings.json,AutoPlay/DisallowAutoplayForNonVolumeDevices,<enabled/>
NCSC - Custom Settings.json,RemoteDesktopServices/DoNotAllowDriveRedirection,<enabled/>
NCSC - Custom Settings.json,RemoteDesktopServices/PromptForPasswordUponConnection,<enabled/>
NCSC - Custom Settings.json,RemoteDesktopServices/RequireSecureRPCCommunication,<enabled/>
NCSC - Custom Settings.json,DeviceLock/PreventLockScreenSlideShow,<enabled/>
NCSC - Custom Settings.json,MSSecurityGuide/EnableStructuredExceptionHandlingOverwriteProtection,<enabled/>
NCSC - Custom Settings.json,MSSLegacy/AllowICMPRedirectsToOverrideOSPFGeneratedRoutes,<disabled/>
NCSC - Custom Settings.json,MSSLegacy/AllowTheComputerToIgnoreNetBIOSNameReleaseRequestsExceptFromWINSServers,<enabled/>
NCSC - Custom Settings.json,DeviceInstallation/PreventInstallationOfMatchingDeviceIDs,"<enabled/>\n<data id=\DeviceInstall_IDs_Deny_Retroactive\"" value=\""true\""/>\n<data id=\""DeviceInstall_IDs_Deny_List\"" value=\""1&#xF000;PCI\\CC_0C0A\""/>\n"""
NCSC - Custom Settings.json,DeviceInstallation/PreventInstallationOfMatchingDeviceSetupClasses,"<enabled/>\n<data id=\DeviceInstall_Classes_Deny_Retroactive\"" value=\""true\""/>\n<Data id=\""DeviceInstall_Classes_Deny_List\"" value=\""1&#xF000;d48179be-ec20-11d1-b6b8-00c04fa372a7&#xF000;2&#xF000;7ebefbc0-3200-11d2-b4c2-00a0C9697d07&#xF000;3&#xF000;c06ff265-ae09-48f0-812c-16753d7cba83&#xF000;4&#xF000;6bdd1fc1-810f-11d0-bec7-08002be2092f\""/>\n"""
NCSC - Custom Settings.json,System/BootStartDriverInitialization,"<enabled/>\n<data id=\SelectDriverLoadPolicy\"" value=\""3\""/>\n"""
NCSC - Custom Settings.json,RemoteProcedureCall/RestrictUnauthenticatedRPCClients,"<enabled/>\n<data id=\RpcRestrictRemoteClientsList\"" value=\""1\""/>\n"""
NCSC - Custom Settings.json,Autoplay/SetDefaultAutoRunBehavior,"<enabled/>\n<data id=\NoAutorun_Dropdown\"" value=\""1\""/>\n"""
NCSC - Custom Settings.json,Autoplay/TurnOffAutoPlay,"<enabled/>\n<data id=\Autorun_Box\"" value=\""255\"" />\n"""
NCSC - Custom Settings.json,RemoteDesktopServices/ClientConnectionEncryptionLevel,"<enabled/>\n<data id=\TS_ENCRYPTION_LEVEL\"" value=\""3\""/>\n"""
NCSC - Custom Settings.json,MSSecurityGuide/ApplyUACRestrictionsToLocalAccountsOnNetworkLogon,<enabled/>
NCSC - Custom Settings.json,MSSecurityGuide/ConfigureSMBV1ClientDriver,"<enabled/> \n<data id=\Pol_SecGuide_SMB1ClientDriver\"" value=\""4\""/>"""
NCSC - Custom Settings.json,MSSecurityGuide/ConfigureSMBV1Server,<disabled/>
NCSC - Custom Settings.json,MSSecurityGuide/WDigestAuthentication,<disabled/>
NCSC - Custom Settings.json,MSSLegacy/IPSourceRoutingProtectionLevel,"<enabled/> \n<data id=\DisableIPSourceRouting\"" value=\""2\""/>"""
NCSC - Custom Settings.json,MSSLegacy/IPv6SourceRoutingProtectionLevel,"<enabled/> \n<data id=\DisableIPSourceRoutingIPv6\"" value=\""2\""/>"""
NCSC - Custom Settings.json,RemoteManagement/AllowBasicAuthentication_Client,<disabled/>
NCSC - Custom Settings.json,RemoteManagement/AllowBasicAuthentication_Service,<disabled/>
NCSC - Custom Settings.json,RemoteManagement/AllowUnencryptedTraffic_Client,<disabled/>
NCSC - Custom Settings.json,RemoteManagement/AllowUnencryptedTraffic_Service,<disabled/>
NCSC - Custom Settings.json,WindowsConnectionManager/ProhitConnectionToNonDomainNetworksWhenConnectedToDomainAuthenticatedNetwork,<enabled/>
NCSC - Custom Settings.json,Connectivity/DisableDownloadingOfPrintDriversOverHTTP,<enabled/>
NCSC - Custom Settings.json,Connectivity/DisableInternetDownloadForWebPublishingAndOnlineOrderingWizards,<enabled/>
NCSC - Custom Settings.json,AppRuntime/AllowMicrosoftAccountsToBeOptional,<enabled/>
NCSC - Custom Settings.json,FileExplorer/TurnOffHeapTerminationOnCorruption,<disabled/>
NCSC - Custom Settings.json,FileExplorer/TurnOffDataExecutionPreventionForExplorer,<disabled/>
NCSC - Custom Settings.json,RemoteManagement/DisallowStoringOfRunAsCredentials,<enabled/>
NCSC - Custom Settings.json,RemoteDesktopServices/DoNotAllowPasswordSaving,<enabled/>
NCSC - Custom Settings.json,WindowsPowerShell/TurnOnPowerShellScriptBlockLogging,"<enabled/><data id=\EnableScriptBlockInvocationLogging\"" value=\""false\"" />"""
NCSC - Custom Settings.json,Connectivity/HardenedUNCPaths,"<enabled /><data id=\Pol_HardenedPaths\"" value=\""\\\\*\\SYSVOL&#xF000;RequireMutualAuthentication=1,RequireIntegrity=1&#xF000;\\\\*\\NETLOGON&#xF000;RequireMutualAuthentication=1,RequireIntegrity=1\"" />"""
NCSC - Custom Settings.json,CredentialsDelegation/RemoteHostAllowsDelegationOfNonExportableCredentials,<enabled />
NCSC - Custom Settings.json,Privacy/LetAppsActivateWithVoiceAboveLock,2
NCSC - Custom Settings.json,RemoteManagement/DisallowDigestAuthentication,<enabled />
NCSC - Custom Settings.json,Connectivity/ProhibitInstallationAndConfigurationOfNetworkBridge,<enabled />
NCSC - Custom Settings.json,Power/AllowStandbyStatesWhenSleepingOnBattery,<disabled/>
NCSC - Custom Settings.json,Power/AllowStandbyWhenSleepingPluggedIn,<disabled/>
NCSC - Custom Settings.json,EventLogService/SpecifyMaximumFileSizeSecurityLog,"<enabled /><data id=\Channel_LogMaxSize\"" value=\""196608\"" />"""
NCSC - Custom Settings.json,Network Isolation - Enterprise Proxy Servers Are Authoritative,1
NCSC - Custom Settings.json,Error Reporting - Disable Windows Error Reporting,<enabled/>
NCSC - Custom Settings.json,Disable User ESP,TRUE
NCSC - Custom Settings.json,Disable Device ESP,TRUE
NCSC - Custom Settings.json,Disable first sign-in animation,0
NCSC - Custom Settings.json,ConfigureSystemGuardLaunch,1
NCSC - Custom Settings.json,DmaGuard/DeviceEnumerationPolicy,0
NCSC - Custom Settings.json,MDMWinsOverGP,1
NCSC - Defender AV Exclusions.json,defenderFilesAndFoldersToExclude,"[""%ProgramFiles%\\\\Microsoft\\\\"", ""%ProgramFiles%\\\\Windows Defender Advanced Threat Protection\\\\"", ""%ProgramFiles%\\\\Windows Defender\\\\"", ""%ProgramFiles(x86)%\\\\Windows Defender\\\\"", ""%windir%\\\\Security\\\\Database\\\\*.chk"", ""%windir%\\\\Security\\\\Database\\\\*.edb"", ""%windir%\\\\Security\\\\Database\\\\*.jrs"", ""%windir%\\\\Security\\\\Database\\\\*.log"", ""%windir%\\\\Security\\\\Database\\\\*.sdb"", ""%windir%\\\\Security\\\\Database\\\\*.xml"", ""%windir%\\\\Security\\\\Database\\\\*.csv"", ""%windir%\\\\Security\\\\Database\\\\*.cmtx"", ""%windir%\\\\SoftwareDistribution\\\\Datastore\\\\Datastore.edb"", ""%windir%\\\\SoftwareDistribution\\\\Datastore\\\\Logs\\\\edb*.jrs"", ""%windir%\\\\SoftwareDistribution\\\\Datastore\\\\Logs\\\\edb.chk"", ""%windir%\\\\SoftwareDistribution\\\\Datastore\\\\Logs\\\\tmp.edb"", ""%windir%\\\\SoftwareDistribution\\\\Datastore\\\\Logs\\\\res*.log"", ""%windir%\\\\SoftwareDistribution\\\\Datastore\\\\Logs\\\\res*.jrs"", ""%ProgramFiles(x86)%\\\\Microsoft Intune Management Extension\\\\Content\\\\"", ""%windir%\\\\IMECache\\\\""]"
NCSC - Defender AV Exclusions.json,defenderProcessesToExclude,"[""%windir%\\\\System32\\\\ApplicationFrameHost.exe"", ""%windir%\\\\System32\\\\SearchIndexer.exe"", ""%ProgramFiles%\\\\Windows Defender\\\\MSASCuiL.exe"", ""%ProgramFiles%\\\\Windows Defender\\\\MSASCui.exe"", ""%ProgramFiles%\\\\Windows Defender\\\\MpCmdRun.exe"", ""%ProgramFiles%\\\\Windows Defender\\\\MsMpEng.exe"", ""%ProgramFiles%\\\\Windows Defender\\\\NisSrv.exe"", ""%windir%\\\\System32\\\\wlanext.exe"", ""%windir%\\\\System32\\\\Lsalso.exe"", ""%windir%\\\\System32\\\\AppVClient.exe""]"
NCSC - Defender AV Security Experience.json,defenderSecurityCenterDisableFamilyUI,TRUE
NCSC - Defender AV Security Experience.json,windowsDefenderTamperProtection,enable
NCSC - Defender AV.json,defenderRequireRealTimeMonitoring,TRUE
NCSC - Defender AV.json,defenderRequireBehaviorMonitoring,TRUE
NCSC - Defender AV.json,defenderRequireNetworkInspectionSystem,TRUE
NCSC - Defender AV.json,defenderScanDownloads,TRUE
NCSC - Defender AV.json,defenderScanScriptsLoadedInInternetExplorer,TRUE
NCSC - Defender AV.json,defenderScanMaxCpu,50
NCSC - Defender AV.json,defenderScanArchiveFiles,TRUE
NCSC - Defender AV.json,defenderScanIncomingMail,TRUE
NCSC - Defender AV.json,defenderScanNetworkFiles,TRUE
NCSC - Defender AV.json,defenderRequireCloudProtection,TRUE
NCSC - Defender AV.json,defenderCloudBlockLevel,high
NCSC - Defender AV.json,defenderPromptForSampleSubmission,promptBeforeSendingPersonalData
NCSC - Defender AV.json,defenderPotentiallyUnwantedAppAction,block
NCSC - Defender AV.json,defenderBlockOnAccessProtection,TRUE
NCSC - Defender AV.json,defenderFilesAndFoldersToExclude,"[""%windir%\\\\IMECache\\\\"", ""%ProgramFiles(x86)%\\\\Microsoft Intune Management Extension\\\\Content\\\\"", ""%windir%\\\\SoftwareDistribution\\\\Datastore\\\\Logs\\\\res*.jrs"", ""%windir%\\\\SoftwareDistribution\\\\Datastore\\\\Logs\\\\res*.log"", ""%windir%\\\\SoftwareDistribution\\\\Datastore\\\\Logs\\\\tmp.edb"", ""%windir%\\\\SoftwareDistribution\\\\Datastore\\\\Logs\\\\edb.chk"", ""%windir%\\\\SoftwareDistribution\\\\Datastore\\\\Logs\\\\edb*.jrs"", ""%windir%\\\\SoftwareDistribution\\\\Datastore\\\\Datastore.edb"", ""%windir%\\\\Security\\\\Database\\\\*.cmtx"", ""%windir%\\\\Security\\\\Database\\\\*.csv"", ""%windir%\\\\Security\\\\Database\\\\*.xml"", ""%windir%\\\\Security\\\\Database\\\\*.sdb"", ""%windir%\\\\Security\\\\Database\\\\*.log"", ""%windir%\\\\Security\\\\Database\\\\*.jrs"", ""%windir%\\\\Security\\\\Database\\\\*.edb"", ""%windir%\\\\Security\\\\Database\\\\*.chk"", ""%ProgramFiles(x86)%\\\\Windows Defender\\\\"", ""%ProgramFiles%\\\\Windows Defender\\\\"", ""%ProgramFiles%\\\\Windows Defender Advanced Threat Protection\\\\"", ""%ProgramFiles%\\\\Microsoft\\\\""]"
NCSC - Defender AV.json,defenderProcessesToExclude,"[""%windir%\\\\System32\\\\ApplicationFrameHost.exe"", ""%windir%\\\\System32\\\\SearchIndexer.exe"", ""%ProgramFiles%\\\\Windows Defender\\\\MSASCuiL.exe"", ""%ProgramFiles%\\\\Windows Defender\\\\MSASCui.exe"", ""%ProgramFiles%\\\\Windows Defender\\\\MpCmdRun.exe"", ""%ProgramFiles%\\\\Windows Defender\\\\MsMpEng.exe"", ""%ProgramFiles%\\\\Windows Defender\\\\NisSrv.exe"", ""%windir%\\\\System32\\\\wlanext.exe"", ""%windir%\\\\System32\\\\Lsalso.exe"", ""%windir%\\\\System32\\\\AppVClient.exe""]"
NCSC - Device Control.json,dataProtectionBlockDirectMemoryAccess,TRUE
NCSC - Device Restriction.json,diagnosticsDataSubmissionMode,basic
NCSC - Device Restriction.json,lockScreenBlockCortana,TRUE
NCSC - Device Restriction.json,lockScreenBlockToastNotifications,TRUE
NCSC - Device Restriction.json,cortanaBlocked,TRUE
NCSC - Device Restriction.json,deviceManagementBlockManualUnenroll,TRUE
NCSC - Device Restriction.json,internetSharingBlocked,TRUE
NCSC - Device Restriction.json,settingsBlockAddProvisioningPackage,TRUE
NCSC - Device Restriction.json,settingsBlockRemoveProvisioningPackage,TRUE
NCSC - Device Restriction.json,microsoftAccountBlocked,TRUE
NCSC - Device Restriction.json,wiFiBlockAutomaticConnectHotspots,TRUE
NCSC - Device Restriction.json,appsAllowTrustedAppsSideloading,allowed
NCSC - Device Restriction.json,developerUnlockSetting,blocked
NCSC - Device Restriction.json,windowsStoreEnablePrivateStoreOnly,TRUE
NCSC - Device Restriction.json,gameDvrBlocked,TRUE
NCSC - Device Restriction.json,experienceBlockDeviceDiscovery,TRUE
NCSC - Device Restriction.json,tenantLockdownRequireNetworkDuringOutOfBoxExperience,TRUE
NCSC - Device Restriction.json,appManagementMSIAllowUserControlOverInstall,TRUE
NCSC - Device Restriction.json,appManagementMSIAlwaysInstallWithElevatedPrivileges,TRUE
NCSC - Edge.json,edgeCookiePolicy,blockThirdParty
NCSC - Edge.json,edgeAllowStartPagesModification,TRUE
NCSC - Edge.json,edgeDisableFirstRunPage,TRUE
NCSC - Edge.json,edgeHomeButtonConfigurationEnabled,TRUE
NCSC - Edge.json,edgeOpensWith,newTabPage
NCSC - Edge.json,edgePreventCertificateErrorOverride,TRUE
NCSC - Edge.json,defenderPotentiallyUnwantedAppAction,deviceDefault
NCSC - Edge.json,webRtcBlockLocalhostIpAddress,TRUE
NCSC - Identity Protections.json,enhancedAntiSpoofingForFacialFeaturesEnabled,TRUE
NCSC - Identity Protections.json,pinMinimumLength,6
NCSC - Identity Protections.json,pinUppercaseCharactersUsage,allowed
NCSC - Identity Protections.json,pinLowercaseCharactersUsage,allowed
NCSC - Identity Protections.json,pinSpecialCharactersUsage,allowed
NCSC - Identity Protections.json,pinExpirationInDays,0
NCSC - Identity Protections.json,pinPreviousBlockCount,0
NCSC - Identity Protections.json,pinRecoveryEnabled,TRUE
NCSC - Identity Protections.json,securityDeviceRequired,TRUE
NCSC - Identity Protections.json,unlockWithBiometricsEnabled,TRUE
NCSC - Identity Protections.json,windowsHelloForBusinessBlocked,FALSE
NCSC - Internet Explorer.json,InternetExplorer/RestrictedSitesZoneAllowUpdatesToStatusBarViaScript,"<enabled /><data id=\IZ_Partname2103\"" value=\""3\"" />"""
NCSC - Internet Explorer.json,InternetExplorer/RestrictedSitesZoneEnableCrossSiteScriptingFilter,"<enabled /><data id=\IZ_Partname1409\"" value=\""0\"" />"""
NCSC - Internet Explorer.json,InternetExplorer/RestrictedSitesZoneAllowScriptlets,"<enabled /><data id=\IZ_Partname1209\"" value=\""3\"" />"""
NCSC - Internet Explorer.json,InternetExplorer/TrustedSitesZoneInitializeAndScriptActiveXControls,"<enabled /><data id=\IZ_Partname1201\"" value=\""3\"" />"""
NCSC - Internet Explorer.json,InternetExplorer/InternetZoneDownloadSignedActiveXControls,"<enabled /><data id=\IZ_Partname1001\"" value=\""3\"" />"""
NCSC - Internet Explorer.json,InternetExplorer/RestrictedSitesZoneAllowCopyPasteViaScript,"<enabled /><data id=\IZ_Partname1407\"" value=\""3\"" />"""
NCSC - Internet Explorer.json,InternetExplorer/RestrictFileDownloadInternetExplorerProcesses,<enabled />
NCSC - Internet Explorer.json,InternetExplorer/TrustedSitesZoneJavaPermissions,"<enabled /><data id=\IZ_Partname1C00\"" value=\""65536\"" />"""
NCSC - Internet Explorer.json,InternetExplorer/LockedDownRestrictedSitesZoneJavaPermissions,"<enabled /><data id=\IZ_Partname1C00\"" value=\""0\"" />"""
NCSC - Internet Explorer.json,InternetExplorer/InternetZoneIncludeLocalPathWhenUploadingFilesToServer,"<enabled /><data id=\IZ_Partname160A\"" value=\""3\"" />"""
NCSC - Internet Explorer.json,InternetExplorer/RestrictedSitesZoneAllowVBScriptToRunInInternetExplorer,"<enabled /><data id=\IZ_Partname140C\"" value=\""3\"" />"""
NCSC - Internet Explorer.json,InternetExplorer/RestrictedSitesZoneEnableDraggingOfContentFromDifferentDomainsAcrossWindows,"<enabled /><data id=\IZ_Partname2709\"" value=\""3\"" />"""
NCSC - Internet Explorer.json,InternetExplorer/InternetZoneAllowOnlyApprovedDomainsToUseTDCActiveXControl,"<enabled /><data id=\IZ_Partname120c\"" value=\""3\"" />"""
NCSC - Internet Explorer.json,InternetExplorer/RestrictedSitesZoneDownloadSignedActiveXControls,"<enabled /><data id=\IZ_Partname1001\"" value=\""3\"" />"""
NCSC - Internet Explorer.json,InternetExplorer/InternetZoneLogonOptions,"<enabled /><data id=\IZ_Partname1A00\"" value=\""65536\"" />"""
NCSC - Internet Explorer.json,InternetExplorer/InternetZoneShowSecurityWarningForPotentiallyUnsafeFiles,"<enabled /><data id=\IZ_Partname1806\"" value=\""1\"" />"""
NCSC - Internet Explorer.json,InternetExplorer/IntranetZoneDoNotRunAntimalwareAgainstActiveXControls,"<enabled /><data id=\IZ_Partname270C\"" value=\""0\"" />"""
NCSC - Internet Explorer.json,InternetExplorer/RemoveRunThisTimeButtonForOutdatedActiveXControls,<enabled />
NCSC - Internet Explorer.json,InternetExplorer/LockedDownTrustedSitesZoneJavaPermissions,"<enabled /><data id=\IZ_Partname1C00\"" value=\""0\"" />"""
NCSC - Internet Explorer.json,InternetExplorer/RestrictedSitesZoneAllowOnlyApprovedDomainsToUseActiveXControls,"<enabled /><data id=\IZ_Partname120b\"" value=\""3\"" />"""
NCSC - Internet Explorer.json,InternetExplorer/RestrictedSitesZoneAllowOnlyApprovedDomainsToUseTDCActiveXControl,"<enabled /><data id=\IZ_Partname120c\"" value=\""3\"" />"""
NCSC - Internet Explorer.json,InternetExplorer/DoNotAllowUsersToAddSites,<enabled />
NCSC - Internet Explorer.json,InternetExplorer/LockedDownIntranetJavaPermissions,"<enabled /><data id=\IZ_Partname1C00\"" value=\""0\"" />"""
NCSC - Internet Explorer.json,InternetExplorer/RestrictedSitesZoneNavigateWindowsAndFrames,"<enabled /><data id=\IZ_Partname1607\"" value=\""3\"" />"""
NCSC - Internet Explorer.json,InternetExplorer/InternetZoneEnableDraggingOfContentFromDifferentDomainsAcrossWindows,"<enabled /><data id=\IZ_Partname2709\"" value=\""3\"" />"""
NCSC - Internet Explorer.json,InternetExplorer/ScriptedWindowSecurityRestrictionsInternetExplorerProcesses,<enabled />
NCSC - Internet Explorer.json,InternetExplorer/AllowEnhancedProtectedMode,<enabled />
NCSC - Internet Explorer.json,InternetExplorer/RestrictedSitesZoneRunNETFrameworkReliantComponentsSignedWithAuthenticode,"<enabled /><data id=\IZ_Partname2001\"" value=\""3\"" />"""
NCSC - Internet Explorer.json,InternetExplorer/DoNotAllowActiveXControlsInProtectedMode,<enabled />
NCSC - Internet Explorer.json,InternetExplorer/RestrictedSitesZoneInitializeAndScriptActiveXControls,"<enabled /><data id=\IZ_Partname1201\"" value=\""3\"" />"""
NCSC - Internet Explorer.json,InternetExplorer/MKProtocolSecurityRestrictionInternetExplorerProcesses,<enabled />
NCSC - Internet Explorer.json,InternetExplorer/DisableBypassOfSmartScreenWarningsAboutUncommonFiles,<enabled />
NCSC - Internet Explorer.json,InternetExplorer/DisableBypassOfSmartScreenWarnings,<enabled />
NCSC - Internet Explorer.json,InternetExplorer/AllowSoftwareWhenSignatureIsInvalid,<disabled />
NCSC - Internet Explorer.json,InternetExplorer/LocalMachineZoneJavaPermissions,"<enabled /><data id=\IZ_Partname1C00\"" value=\""0\"" />"""
NCSC - Internet Explorer.json,InternetExplorer/InternetZoneAllowDragAndDropCopyAndPasteFiles,"<enabled /><data id=\IZ_Partname1802\"" value=\""3\"" />"""
NCSC - Internet Explorer.json,InternetExplorer/InternetZoneAllowVBScriptToRunInInternetExplorer,"<enabled /><data id=\IZ_Partname140C\"" value=\""3\"" />"""
NCSC - Internet Explorer.json,InternetExplorer/MimeSniffingSafetyFeatureInternetExplorerProcesses,<enabled />
NCSC - Internet Explorer.json,InternetExplorer/DoNotAllowUsersToChangePolicies,<enabled />
NCSC - Internet Explorer.json,InternetExplorer/RestrictedSitesZoneEnableDraggingOfContentFromDifferentDomainsWithinWindows,"<enabled /><data id=\IZ_Partname2708\"" value=\""3\"" />"""
NCSC - Internet Explorer.json,InternetExplorer/IntranetZoneInitializeAndScriptActiveXControls,"<enabled /><data id=\IZ_Partname1201\"" value=\""3\"" />"""
NCSC - Internet Explorer.json,InternetExplorer/NotificationBarInternetExplorerProcesses,<enabled />
NCSC - Internet Explorer.json,InternetExplorer/RestrictedSitesZoneAllowBinaryAndScriptBehaviors,"<enabled /><data id=\IZ_Partname2000\"" value=\""3\"" />"""
NCSC - Internet Explorer.json,InternetExplorer/InternetZoneAllowCopyPasteViaScript,"<enabled /><data id=\IZ_Partname1407\"" value=\""3\"" />"""
NCSC - Internet Explorer.json,InternetExplorer/InternetZoneAllowOnlyApprovedDomainsToUseActiveXControls,"<enabled /><data id=\IZ_Partname120b\"" value=\""3\"" />"""
NCSC - Internet Explorer.json,InternetExplorer/InternetZoneAllowSmartScreenIE,"<enabled /><data id=\IZ_Partname2301\"" value=\""0\"" />"""
NCSC - Internet Explorer.json,InternetExplorer/ProtectionFromZoneElevationInternetExplorerProcesses,<enabled />
NCSC - Internet Explorer.json,InternetExplorer/AllowCertificateAddressMismatchWarning,<enabled />
NCSC - Internet Explorer.json,InternetExplorer/RestrictedSitesZoneAllowLessPrivilegedSites,"<enabled /><data id=\IZ_Partname2101\"" value=\""3\"" />"""
NCSC - Internet Explorer.json,InternetExplorer/InternetZoneRunNETFrameworkReliantComponentsSignedWithAuthenticode,"<enabled /><data id=\IZ_Partname2001\"" value=\""3\"" />"""
NCSC - Internet Explorer.json,InternetExplorer/RestrictedSitesZoneAllowAccessToDataSources,"<enabled /><data id=\IZ_Partname1406\"" value=\""3\"" />"""
NCSC - Internet Explorer.json,InternetExplorer/InternetZoneAllowUserDataPersistence,"<enabled /><data id=\IZ_Partname1606\"" value=\""3\"" />"""
NCSC - Internet Explorer.json,InternetExplorer/AllowFallbackToSSL3,"<enabled /><data id=\Advanced_EnableSSL3FallbackOptions\"" value=\""0\"" />"""
NCSC - Internet Explorer.json,InternetExplorer/InternetZoneInitializeAndScriptActiveXControls,"<enabled /><data id=\IZ_Partname1201\"" value=\""3\"" />"""
NCSC - Internet Explorer.json,InternetExplorer/RestrictedSitesZoneAllowAutomaticPromptingForFileDownloads,"<enabled /><data id=\IZ_Partname2200\"" value=\""3\"" />"""
NCSC - Internet Explorer.json,InternetExplorer/IncludeAllNetworkPaths,<disabled />
NCSC - Internet Explorer.json,InternetExplorer/RestrictedSitesZoneUsePopupBlocker,"<enabled /><data id=\IZ_Partname1809\"" value=\""0\"" />"""
NCSC - Internet Explorer.json,InternetExplorer/DoNotBlockOutdatedActiveXControls,<disabled />
NCSC - Internet Explorer.json,InternetExplorer/RestrictedSitesZoneIncludeLocalPathWhenUploadingFilesToServer,"<enabled /><data id=\IZ_Partname160A\"" value=\""3\"" />"""
NCSC - Internet Explorer.json,InternetExplorer/RestrictedSitesZoneScriptingOfJavaApplets,"<enabled /><data id=\IZ_Partname1402\"" value=\""3\"" />"""
NCSC - Internet Explorer.json,InternetExplorer/TrustedSitesZoneDoNotRunAntimalwareAgainstActiveXControls,"<enabled /><data id=\IZ_Partname270C\"" value=\""0\"" />"""
NCSC - Internet Explorer.json,InternetExplorer/DisableCrashDetection,<enabled />
NCSC - Internet Explorer.json,InternetExplorer/InternetZoneAllowUpdatesToStatusBarViaScript,"<enabled /><data id=\IZ_Partname2103\"" value=\""3\"" />"""
NCSC - Internet Explorer.json,InternetExplorer/LockedDownLocalMachineZoneJavaPermissions,"<enabled /><data id=\IZ_Partname1C00\"" value=\""0\"" />"""
NCSC - Internet Explorer.json,InternetExplorer/InternetZoneLaunchingApplicationsAndFilesInIFRAME,"<enabled /><data id=\IZ_Partname1804\"" value=\""3\"" />"""
NCSC - Internet Explorer.json,InternetExplorer/InternetZoneNavigateWindowsAndFrames,"<enabled /><data id=\IZ_Partname1607\"" value=\""3\"" />"""
NCSC - Internet Explorer.json,InternetExplorer/RestrictedSitesZoneAllowFileDownloads,"<enabled /><data id=\IZ_Partname1803\"" value=\""3\"" />"""
NCSC - Internet Explorer.json,InternetExplorer/RestrictedSitesZoneScriptActiveXControlsMarkedSafeForScripting,"<enabled /><data id=\IZ_Partname1405\"" value=\""3\"" />"""
NCSC - Internet Explorer.json,InternetExplorer/RestrictedSitesZoneAllowSmartScreenIE,"<enabled /><data id=\IZ_Partname2301\"" value=\""0\"" />"""
NCSC - Internet Explorer.json,InternetExplorer/RestrictedSitesZoneTurnOnProtectedMode,"<enabled /><data id=\IZ_Partname2500\"" value=\""0\"" />"""
NCSC - Internet Explorer.json,InternetExplorer/RestrictedSitesZoneShowSecurityWarningForPotentiallyUnsafeFiles,"<enabled /><data id=\IZ_Partname1806\"" value=\""3\"" />"""
NCSC - Internet Explorer.json,InternetExplorer/PreventManagingSmartScreenFilter,"<enabled /><data id=\IE9SafetyFilterOptions\"" value=\""1\"" />"""
NCSC - Internet Explorer.json,InternetExplorer/InternetZoneAllowScriptlets,"<enabled /><data id=\IZ_Partname1209\"" value=\""3\"" />"""
NCSC - Internet Explorer.json,InternetExplorer/RestrictedSitesZoneRunActiveXControlsAndPlugins,"<enabled /><data id=\IZ_Partname1200\"" value=\""3\"" />"""
NCSC - Internet Explorer.json,InternetExplorer/InternetZoneAllowAccessToDataSources,"<enabled /><data id=\IZ_Partname1406\"" value=\""3\"" />"""
NCSC - Internet Explorer.json,InternetExplorer/RestrictedSitesZoneAllowUserDataPersistence,"<enabled /><data id=\IZ_Partname1606\"" value=\""3\"" />"""
NCSC - Internet Explorer.json,InternetExplorer/InternetZoneAllowLessPrivilegedSites,"<enabled /><data id=\IZ_Partname2101\"" value=\""3\"" />"""
NCSC - Internet Explorer.json,InternetExplorer/RestrictedSitesZoneLaunchingApplicationsAndFilesInIFRAME,"<enabled /><data id=\IZ_Partname1804\"" value=\""3\"" />"""
NCSC - Internet Explorer.json,InternetExplorer/DisableProcessesInEnhancedProtectedMode,<enabled />
NCSC - Internet Explorer.json,InternetExplorer/InternetZoneAllowScriptingOfInternetExplorerWebBrowserControls,"<enabled /><data id=\IZ_Partname1206\"" value=\""3\"" />"""
NCSC - Internet Explorer.json,InternetExplorer/InternetZoneDownloadUnsignedActiveXControls,"<enabled /><data id=\IZ_Partname1004\"" value=\""3\"" />"""
NCSC - Internet Explorer.json,InternetExplorer/PreventPerUserInstallationOfActiveXControls,<enabled />
NCSC - Internet Explorer.json,InternetExplorer/RestrictedSitesZoneAllowLoadingOfXAMLFiles,"<enabled /><data id=\IZ_Partname2402\"" value=\""3\"" />"""
NCSC - Internet Explorer.json,InternetExplorer/RestrictedSitesZoneAllowScriptingOfInternetExplorerWebBrowserControls,"<enabled /><data id=\IZ_Partname1206\"" value=\""3\"" />"""
NCSC - Internet Explorer.json,InternetExplorer/DisableEnclosureDownloading,<enabled />
NCSC - Internet Explorer.json,InternetExplorer/InternetZoneUsePopupBlocker,"<enabled /><data id=\IZ_Partname1809\"" value=\""0\"" />"""
NCSC - Internet Explorer.json,InternetExplorer/IntranetZoneJavaPermissions,"<enabled /><data id=\IZ_Partname1C00\"" value=\""65536\"" />"""
NCSC - Internet Explorer.json,InternetExplorer/RestrictedSitesZoneAllowDragAndDropCopyAndPasteFiles,"<enabled /><data id=\IZ_Partname1802\"" value=\""3\"" />"""
NCSC - Internet Explorer.json,InternetExplorer/LockedDownRestrictedSitesZoneAllowSmartScreenIE,"<enabled /><data id=\IZ_Partname2301\"" value=\""0\"" />"""
NCSC - Internet Explorer.json,InternetExplorer/RestrictedSitesZoneAllowActiveScripting,"<enabled /><data id=\IZ_Partname1400\"" value=\""3\"" />"""
NCSC - Internet Explorer.json,InternetExplorer/SpecifyUseOfActiveXInstallerService,<enabled />
NCSC - Internet Explorer.json,InternetExplorer/InternetZoneAllowLoadingOfXAMLFiles,"<enabled /><data id=\IZ_Partname2402\"" value=\""3\"" />"""
NCSC - Internet Explorer.json,InternetExplorer/ConsistentMimeHandlingInternetExplorerProcesses,<enabled />
NCSC - Internet Explorer.json,InternetExplorer/RestrictedSitesZoneDoNotRunAntimalwareAgainstActiveXControls,"<enabled /><data id=\IZ_Partname270C\"" value=\""0\"" />"""
NCSC - Internet Explorer.json,InternetExplorer/RestrictActiveXInstallInternetExplorerProcesses,<enabled />
NCSC - Internet Explorer.json,InternetExplorer/DisableIgnoringCertificateErrors,<enabled />
NCSC - Internet Explorer.json,InternetExplorer/InternetZoneAllowNETFrameworkReliantComponents,"<enabled /><data id=\IZ_Partname2004\"" value=\""3\"" />"""
NCSC - Internet Explorer.json,InternetExplorer/RestrictedSitesZoneAllowNETFrameworkReliantComponents,"<enabled /><data id=\IZ_Partname2004\"" value=\""3\"" />"""
NCSC - Internet Explorer.json,InternetExplorer/RestrictedSitesZoneLogonOptions,"<enabled /><data id=\IZ_Partname1A00\"" value=\""196608\"" />"""
NCSC - Internet Explorer.json,InternetExplorer/DisableEncryptionSupport,"<enabled /><data id=\Advanced_WinInetProtocolOptions\"" value=\""2560\"" />"""
NCSC - Internet Explorer.json,InternetExplorer/InternetZoneAllowAutomaticPromptingForFileDownloads,"<enabled /><data id=\IZ_Partname2200\"" value=\""3\"" />"""
NCSC - Internet Explorer.json,InternetExplorer/CheckSignaturesOnDownloadedPrograms,<enabled />
NCSC - Internet Explorer.json,InternetExplorer/RestrictedSitesZoneAllowScriptInitiatedWindows,"<enabled /><data id=\IZ_Partname2102\"" value=\""3\"" />"""
NCSC - Internet Explorer.json,InternetExplorer/InternetZoneEnableCrossSiteScriptingFilter,"<enabled /><data id=\IZ_Partname1409\"" value=\""0\"" />"""
NCSC - Internet Explorer.json,InternetExplorer/InternetZoneAllowScriptInitiatedWindows,"<enabled /><data id=\IZ_Partname2102\"" value=\""3\"" />"""
NCSC - Internet Explorer.json,InternetExplorer/InternetZoneJavaPermissions,"<enabled /><data id=\IZ_Partname1C00\"" value=\""0\"" />"""
NCSC - Internet Explorer.json,InternetExplorer/InternetZoneEnableDraggingOfContentFromDifferentDomainsWithinWindows,"<enabled /><data id=\IZ_Partname2708\"" value=\""3\"" />"""
NCSC - Internet Explorer.json,InternetExplorer/InternetZoneDoNotRunAntimalwareAgainstActiveXControls,"<enabled /><data id=\IZ_Partname270C\"" value=\""0\"" />"""
NCSC - Internet Explorer.json,InternetExplorer/RestrictedSitesZoneDownloadUnsignedActiveXControls,"<enabled /><data id=\IZ_Partname1004\"" value=\""3\"" />"""
NCSC - Internet Explorer.json,InternetExplorer/DisableSecuritySettingsCheck,<disabled />
NCSC - Internet Explorer.json,InternetExplorer/RestrictedSitesZoneJavaPermissions,"<enabled /><data id=\IZ_Partname1C00\"" value=\""0\"" />"""
NCSC - Internet Explorer.json,InternetExplorer/LocalMachineZoneDoNotRunAntimalwareAgainstActiveXControls,"<enabled /><data id=\IZ_Partname270C\"" value=\""0\"" />"""
NCSC - Internet Explorer.json,InternetExplorer/InternetZoneEnableProtectedMode,"<enabled /><data id=\IZ_Partname2500\"" value=\""0\"" />"""
NCSC - Internet Explorer.json,InternetExplorer/RestrictedSitesZoneAllowMETAREFRESH,"<enabled /><data id=\IZ_Partname1608\"" value=\""3\"" />"""
NCSC - Internet Explorer.json,InternetExplorer/CheckServerCertificateRevocation,<enabled />
NCSC - Internet Explorer.json,InternetExplorer/LockedDownInternetZoneAllowSmartScreenIE,"<enabled /><data id=\IZ_Partname2301\"" value=\""0\"" />"""
NCSC - Internet Explorer.json,InternetExplorer/SecurityZonesUseOnlyMachineSettings,<enabled />
NCSC - Local Security.json,localSecurityOptionsBlockRemoteLogonWithBlankPassword,TRUE
NCSC - Local Security.json,localSecurityOptionsMachineInactivityLimit,15
NCSC - Local Security.json,localSecurityOptionsMachineInactivityLimitInMinutes,15
NCSC - Local Security.json,localSecurityOptionsAllowRemoteCallsToSecurityAccountsManagerHelperBool,TRUE
NCSC - Local Security.json,localSecurityOptionsAllowRemoteCallsToSecurityAccountsManager,O:BAG:BAD:(A;;RC;;;BA)
NCSC - Local Security.json,localSecurityOptionsMinimumSessionSecurityForNtlmSspBasedClients,ntlmV2And128BitEncryption
NCSC - Local Security.json,localSecurityOptionsMinimumSessionSecurityForNtlmSspBasedServers,ntlmV2And128BitEncryption
NCSC - Local Security.json,lanManagerAuthenticationLevel,lmNtlmV2AndNotLmOrNtm
NCSC - Local Security.json,localSecurityOptionsVirtualizeFileAndRegistryWriteFailuresToPerUserLocations,TRUE
NCSC - Local Security.json,localSecurityOptionsAdministratorElevationPromptBehavior,promptForCredentials
NCSC - Local Security.json,localSecurityOptionsStandardUserElevationPromptBehavior,automaticallyDenyElevationRequests
NCSC - Local Security.json,localSecurityOptionsDetectApplicationInstallationsAndPromptForElevation,TRUE
NCSC - Local Security.json,localSecurityOptionsAllowUIAccessApplicationsForSecureLocations,TRUE
NCSC - Local Security.json,localSecurityOptionsUseAdminApprovalMode,TRUE
NCSC - Local Security.json,localSecurityOptionsUseAdminApprovalModeForAdministrators,TRUE
NCSC - Local Security.json,localSecurityOptionsClientDigitallySignCommunicationsAlways,TRUE
NCSC - Local Security.json,localSecurityOptionsClientSendUnencryptedPasswordToThirdPartySMBServers,TRUE
NCSC - Local Security.json,localSecurityOptionsDisableServerDigitallySignCommunicationsAlways,TRUE
NCSC - Local Security.json,localSecurityOptionsDisableServerDigitallySignCommunicationsIfClientAgrees,TRUE
NCSC - Local Security.json,localSecurityOptionsRestrictAnonymousAccessToNamedPipesAndShares,TRUE
NCSC - Local Security.json,localSecurityOptionsDoNotAllowAnonymousEnumerationOfSAMAccounts,TRUE
NCSC - Local Security.json,localSecurityOptionsAllowAnonymousEnumerationOfSAMAccountsAndShares,TRUE
NCSC - Local Security.json,localSecurityOptionsDoNotStoreLANManagerHashValueOnNextPasswordChange,TRUE
NCSC - Password.json,passwordMinutesOfInactivityBeforeScreenTimeout,15
NCSC - Password.json,passwordPreviousPasswordBlockCount,24
NCSC - Password.json,passwordRequired,TRUE
NCSC - Web Protections (DR).json,edgeRequireSmartScreen,TRUE
NCSC - Web Protections (DR).json,smartScreenBlockPromptOverride,TRUE
NCSC - Web Protections (DR).json,smartScreenBlockPromptOverrideForFiles,TRUE
NCSC - Web Protections (EP).json,defenderNetworkProtectionType,enable
NCSC - Xbox Services.json,xboxServicesAccessoryManagementServiceStartupMode,disabled
NCSC - Xbox Services.json,xboxServicesLiveAuthManagerServiceStartupMode,disabled
NCSC - Xbox Services.json,xboxServicesLiveGameSaveServiceStartupMode,disabled
NCSC - Xbox Services.json,xboxServicesLiveNetworkingServiceStartupMode,disabled
